Source,Target
Id,Label
0,The Crew 2
1,The Elder Scrolls Online: Morrowind
2,Assassin's Creed Origins
3,Dragon Quest XI
4,Injustice: Gods Among Us
5,DriveClub
6,Uncharted: Drake's Fortune
7,Uncharted: A Thief's End (PS4)
8,The Sexy Brutale
9,God of War (PS4)
10,Doom (2016)
11,Far Cry 4
12,Real Farm
13,Terraria
14,Don't Starve
15,Plants vs. Zombies: Garden Warfare 2
16,Destiny
17,Sleeping Dogs
18,Assassin's Creed IV: Black Flag
19,Cities: Skylines
20,Infamous: First Light
21,FIFA 15
22,The Order: 1886
23,Injustice 2
24,Lego Batman 3: Beyond Gotham
25,Spider-Man (PS4)
26,The Sims 4
27,Cyberpunk 2077
28,PlayStation VR Worlds
29,FIFA 18
30,Need for Speed Rivals
31,The Crew
32,Need for Speed (2015)
33,Rise of the Tomb Raider
34,NBA 2K14
35,Lumo
36,King's Quest: The Complete Collection
37,Tom Clancy's The Division
38,Resident Evil: Umbrella Corps
39,Destiny 2
40,Madden NFL 16
41,The Elder Scrolls V: Skyrim PSVR
42,Star Wars Battlefront 2015
43,Label
44,Sudden Strike 4
45,Mortal Kombat X
46,Just Dance 2018
47,Sword Art Online: Hollow Fragment
48,Tom Clancy's Ghost Recon Wildlands
49,MineCraft
50,Thief 4
51,Darksiders II
52,Extinction
53,Call of Duty: Ghosts
54,Sherlock Holmes: The Devil's Daughter
55,Overcooked
56,Monster Hunter: World
57,Killzone: Shadow Fall
58,Warframe
59,For Honor
60,DiRT 4
61,Titanfall 2
62,God of War III
63,Sniper Elite 4
64,Middle-Earth: Shadow of Mordor
65,Grand Theft Auto V
66,Overwatch
67,Final Fantasy XV
68,Final Fantasy XIV Online Complete Edition
69,FIFA 16
70,NBA 2K17
71,Madden NFL 18
72,Dishonored 2
73,The Escapists 2
74,WRC 7
75,Id
76,Little Nightmares
77,Mega Man Legacy Collection 2
78,Uncharted 3: Drake's Deception
79,Diablo III
80,Wolfenstein II: The New Colossus
81,Duke Nukem 3D: 20th Anniversary World Tour
82,Mafia III
83,Warhammer: The End Times - Vermintide
84,Dead or Alive Xtreme 3: Fortune
85,Call of Duty: Black Ops 3
86,Rime
87,No Man's Sky
88,Rocket League
89,Uncharted 2: Among Thieves
90,Tom Clancy's Rainbow Six: Siege
91,Call of Duty: Infinite Warfare
92,The Book of Unwritten Tales 2
93,Battlefield 1
94,LittleBigPlanet 3
95,Knack
96,Just Cause 3
97,Horizon: Zero Dawn
98,Lego Marvel Super Heroes
99,Alien: Isolation
100,Resident Evil 5 HD
101,Resident Evil VII: Biohazard
102,Need for Speed: Payback
103,Until Dawn
104,The Elder Scrolls Online
105,Styx: Shards of Darknes
106,Kingdom Hearts 1.5 + 2.5 Remix
107,MX vs. ATV Supercross Encore
108,The Technomancer
109,Dying Light
110,Prey (2017)
111,NBA 2K16
112,The Witcher 3: Wild Hunt
113,Tekken 7
114,Persona 5
115,Farming Simulator 2015
116,Steep
117,Metal Gear Solid V: The Phantom Pain
118,Vikings: Wolves of Midgard
119,Tropico 5
120,Battlefield 4
121,SŽbastien Loeb Rally Evo
122,Deer Hunter Reloaded
123,FIFA 17
124,The Elder Scrolls V: Skyrim
125,Far Cry 5
126,Marvel's Guardians of the Galaxy: The Telltale Series
127,Battlefield: Hardline
128,H1Z1
129,NBA 2K18
130,Assassin's Creed Syndicate
131,Hellblade
132,Red Dead Redemption 2
133,NBA 2K15
134,Watch Dogs 2
135,The Lego Ninjago Movie Videogame
136,Natural Doctrine
137,Game of Thrones (Telltale)
138,Payday 2
139,Wolfenstein: The Old Blood
140,The Last of Us
141,Assetto Corsa
142,Child of Light
143,Watch Dogs
144,Plants vs Zombies: Garden Warfare
145,Legend of Kay Anniversary
146,The Dwarves
147,LEGO The Hobbit
148,Gran Turismo Sport
149,Uncharted: The Lost Legacy
150,Le Tour de France 2017
151,Tomb Raider (2013)
152,Batman: Arkham VR
153,Loading Human
154,Samurai Warriors 4: Empires
155,inFAMOUS: Second Son
156,Fallout 4
157,Prison Architect
158,Call of Duty: WWII
159,Sniper Elite 3
160,Air Conflicts: Secret Wars
161,Dishonored
162,ZombiU
163,Sine Mora
164,The Peanuts Movie: Snoopy's Grand Adventure
165,Velocity 2X
166,FIFA Soccer 14
167,Farming Simulator 17
168,Here They Lie
169,A Boy and His Blob
170,LEGO Jurassic World
171,LEGO Worlds
172,Dragon Age III: Inquisition
173,Shadow Warrior (2013)
174,OlliOlli
175,NieR Automata
176,Lock's Quest
177,The Evil Within
178,LEGO Marvel Super Heroes 2
179,Resident Evil 5
180,Rayman Legends
181,Call of Duty: Advanced Warfare
182,Saints Row IV
183,Broken Sword 5: The Serpent's Curse
184,Just Dance 2014
185,Far Cry: Primal
186,Batman: Arkham Knight
187,Wolfenstein The Two Pack
188,LEGO Marvel's Avengers
189,XCOM 2
190,ABZU
191,Mass Effect: Andromeda
192,This War of Mine
193,Wolfenstein: The New Order
194,Resident Evil 4 HD
195,Lara Croft and the Temple of Osiris
196,Assassin's Creed: Unity
197,Deus Ex: Mankind Divided
198,Aven Colony
199,Madden NFL 17
200,Bloodborne
201,Killing Floor 2Ê
202,Paragon
203,Dead Alliance
204,Assassin's Creed Chronicles: China
205,Just Dance 2017
206,The Binding of Isaac
207,Dark Souls III
208,Uncharted: The Nathan Drake Collection
209,Kingdom Come: Deliverance
210,Mount & Blade: Warband
211,CounterSpy
212,LEGO Dimensions
213,Until Dawn: Rush of Blood
214,Assassin's Creed The Ezio Collection
215,Darksiders: Warmastered Edition
216,Monster Energy Supercross - The Official Videogame
217,Daylight
218,Middle-Earth: Shadow of War
219,METRO 2033
220,Detroit: Become Human
221,Mega Man Legacy Collection
222,Lego Star Wars: The Force Awakens
223,Crash Bandicoot N. Sane Trilogy
224,Ratchet & Clank (2016)
225,Star Wars Battlefront II (2017)
226,War Thunder
227,Two Brothers
228,ARK: Survival Evolved
229,A Way Out
