1,Christopher Rodriguez
2,William T. Gergits
3,Sébastien Tixier
4,Ru Weerasuriya
5,Hugo Lemaitre
6,Qiong Wang
7,Tamás Kreiner
8,Tomohiro Shingu
9,Tomislav Spajic
10,John Taylor
11,Kazunori Inoue
12,Carl Johan Lejdfors
13,Maciej Binkowski
14,Alessandro Cetrulo
15,Haruki Murai
16,Daniel Gardopee
17,Levi Hopkins
18,David Bliss
19,Richard Taylor
20,Hiroaki Takahashi
21,Éric Fredette
22,Uri So
23,Philippe Thiébaut
24,Max Fanning
25,Alexandre Begnoche
26,Damien Pougheon
27,Tammy Dargan
28,Del Chafe III
29,Paul Anthony Suddaby
30,Matthew Clarke
31,Christophe Live Tha Kine
32,Andrew Hoo
33,Todd Papy
34,Dan Bickley
35,Masaaki Sakamoto
36,Emil Pagliarulo
37,Yicheng Xiao
38,Michael Lee
39,Scott Eaton
40,Nana Louise Nielsen
41,Nelson Ramírez
42,Fernando Melo
43,Brian Theodore
44,Timothy Lamb
45,Andrew Boskett
46,Anthony Spitaels
47,Harry Semple
48,Julien Chevallier
49,Beck Shaw
50,Isak Åberg Nordmark
51,Pinar Çekiç
52,Per Storløkken
53,Adam Beckwith
54,Martin Svenblad
55,Rich Bryant
56,Nobuyoshi Suzuki
57,Michael Knowland
58,Kyle Richards
59,Nicholas Silveira
60,Ayako Onda
61,Momchil Dilov
62,Jeff Robinson
63,Eric Hirshberg
64,Naotaka Yoshitomi
65,Andreea Chifu
66,Bryce Warner
67,Ryan Sumo
68,Lyubomir Iliev
69,Keisuke Makino
70,Tomasz Klin
71,Jean-François Dugas
72,Gino van den Bergen
73,Ben Diamand
74,Óscar Cuesta García de Leonardo
75,Steve Beran
76,Lance Dyson
77,Koichi Sugiyama
78,Adam Vincent
79,Ed Fowler
80,Adam Davidson
81,Peter Brooks
82,Nathalie Dubois
83,Sean Davies
84,Jonathan Leemans
85,Rupert Brooker
86,Alistair Burn
87,Hiroyuki Ikeda
88,Misaki Ariyama
89,Hiroaki Ohno
90,Carle Côté
91,Mike Wilson
92,Ashley Bennett
93,Michael Noonan
94,Michal Molcan
95,Richard Carle
96,Austin Howes
97,William Bohan
98,Maxime Corbion
99,Shuichiro Chiboshi
100,Darrell Blake
101,Jim Boone
102,Alex Drouin
103,Kenichirō Yoshimura
104,Yuri Nakano
105,Berjes Enriquez
106,Mike Flavin
107,Kazuo Takahashi
108,Jesse Maccabe
109,Ian Sherman
110,Matthias M. Wloka
111,Catherine Esteves
112,Gary Burchell
113,Alia McCutcheon
114,Ian Frazier
115,Tatyana Dyshlova
116,Samantha Schoonen
117,Andrew Solomon
118,Zsolt Avery-Tierney
119,Muhammad I. Allen
120,Brian Bloom
121,Pierre Falticska
122,Chris Alizon
123,Andrew Ladenberger
124,Roberta Browne
125,Geoff Goodman
126,Lee R. Wilson
127,Alexandre Lagallarde
128,Georgina Cronshaw
129,Thomas Parry
130,Iku Mizutani
131,Carl Dixon
132,John Mauldin
133,Arne von Öhsen
134,Mohamed Gambouz
135,Phoebe Thompson
136,John Allensworth
137,Craig Brown
138,Joshua Lee
139,Frederik Audet
140,Yoko Taro
141,Yuki Takahashi
142,Paul Jackson Jr.
143,Scott Wiener
144,Jean Adams
145,Steve Negus
146,Maho Miyata
147,Katsura Hashino
148,Lizzie Stables
149,Tiphaine Mourmant
150,Johnny Armstrong
151,Stéphane Beley
152,Omar Shakir
153,Emil Drefers
154,Jeffrey Agala
155,Takahiro Sugaya
156,Pinar Temiz
157,Martin Laplante
158,Stefan Asmarandei
159,Nobuyasu Ushio
160,Andrew Lim
161,Takayuki Muranaka
162,Yoshihiko Wada
163,Akira Toriyama
164,Nicolas Hamel
165,Kōji Yagi
166,Yvan Laval
167,Kurt Kuhlmann
168,Yang Mingfei
169,Francis Boivin
170,Yasuyuki Kaji
171,Florentin Vivares
172,Shawn Lee
173,Paweł Libiszewski
174,Luigi Crocetta
175,Brynley Gibson
176,Jacob Golding
177,John Jennings
178,Munraj Hyare
179,Leander Schock
180,Michael Mauritzsson
181,Michael Godsey
182,Writer
183,Joël Desjardins
184,Andrew Shenton
185,Serdar Koçdemir
186,Matthew McCloskey
187,Matthew LeFevre
188,Torfi Frans Ólafsson
189,Jessie Coombs
190,Christopher Opdahl
191,Brian Lindley
192,Roger Coe
193,Joe Berger
194,Peter Hodbod
195,Chris King
196,Julien Mario
197,Theodore Reiker
198,Karim Khabir
199,Cristina Balescu
200,Brian Wheeler
201,Hidenori Yuki
202,Iain Wright
203,Brian Chard
204,Ejaz Mudassir
205,Vassily Filippov
206,Paul D. Sage
207,Amy Drobeck-Jones
208,Dorje Bellbrook
209,Steven Hernandez
210,Aydin Afzoud
211,Michael Glück
212,David Canela Lagunas
213,Thomas Derksen
214,Juliette Pecorard
215,Hideaki Utsumi
216,Nicole Thayer
217,Lauren Coe
218,Christiane H. K. Meister
219,Rupert Humphries
220,Nils Hallberg
221,Trevor Sherring
222,Gabriel Antonio Zdru
223,Chris Stanforth
224,Lucas de Vries
225,James Campion
226,Motoharu Terasaki
227,Harry Denholm
228,David Gallardo
229,Gabriel Odgren
230,Robert Wasser
231,David Chabot
232,Jounayd Id Salah
233,Billy Taing
234,Mariana Turchiari Boucault
235,Anton Ragnarsson
236,Vlad Bagrin
237,David Kristian
238,Scott Boeckmann
239,Victor Sánchez Rebull
240,Yasuto Morioka
241,Romulo Rodriguez
242,Zachary Lowery
243,Christian Vasselbring
244,Luca Piccina
245,Paul Marden
246,David Hego
247,Damien Kieken
248,Don Williamson
249,Alexandre Gagnon
250,Jon L. Davis
251,Keenan Patterson
252,Rachel Maille
253,Andrea Pessino
254,Takeshi Uchikawa
255,Tor Unsworth
256,Robert Jay Gould
257,Emil Claeson
258,Jon McKellan
259,Simon Lindberg Amanou
260,Steven Dickinson
261,Clive Gratton
262,Sam Zamani
263,Rick Luebbers
264,Luc Duchaine
265,James Ham
266,Justin Maio
267,Nick Braun
268,Keisuke Oi
269,Chris Carney
270,Alitt Abdul Khaliq
271,Daniel Dunham
272,Timothee Pauleve
273,Colin John Wilson
274,Dustin King
275,Danny Doeberling
276,Hiroyuki Oshima
277,Joseph Botardo
278,Daiki Watanabe
279,Özgür Saral
280,William B. Yeatts
281,Ian Ball
282,Peter Sviantek
283,Tristan Beulah
284,Jesse Harlin
285,Leslie Benzies
286,Jamie Lowes
287,Chad Barb
288,John Swift
289,Arcade Berg
290,Jon Shiring
291,Luis Miguel Vieira Belerique
292,Isamu Okano
293,Sam Houser
294,Scott M. Fischer
295,John R. Sanderson
296,Daniel Letendre
297,John Lydon
298,John Hopkins
299,Christian Wagner
300,Thaddeus Sasser
301,Takashi Morio
302,Stuart Petri
303,Goksu Ugur
304,Alberto Fernandez Mancilla
305,Luca Sodano
306,Christopher J. Watson
307,Brian Balamut
308,Frederick Taylor
309,Sooyun Jang
310,Mitchell Davis
311,Ryan Leslie
312,Dominic Cianciolo
313,Kate Saxon
314,Jason Nadro
315,Dimo Zaprianov
316,Matthew Duff
317,Lovisa Bergdahl
318,Bob Kane
319,Henrik Håkansson
320,Michael Snowdon
321,Lambert Wolterbeek-Muller
322,Matthew Kerr
323,Joelle Silverio
324,Khoa Le
325,Dennis Moellers
326,Keith Linares
327,Florent Sacré
328,Dimitar Nikolov
329,Ariel Bernardo
330,Thomas Day
331,Emil Ström
332,Cyril Meynier
333,Shawn Kittelsen
334,Alexander Maksimchuk
335,Jean-Philippe Flouret
336,Daiki Kasho
337,Greg Kline
338,Marie‑Ève Danis
339,Antoine de Cacqueray Valmenier
340,Melanie Hall
341,Matthew Zagurak
342,Odrée Veillette
343,Kevin Asseo
344,Alexander Brandon
345,Kei Sato
346,K. Alan Copeland
347,Chris Schlerf
348,Jimi Doss
349,Daisuke Yamamoto
350,Keenan Cole
351,Matthew Stoneham
352,John MacInnes
353,Don Livingston
354,Bill Mueller
355,Michael Berg
356,Kevin Carthew
357,Nilesh Kumar
358,Antoine Berthiaume Dutil
359,Laura Aikman
360,Xavier Billault
361,Radu-Teodor Băluţă
362,Benjamin Kuhr
363,Daniel Kim
364,Homero Sanchez
365,Stuart Wilson
366,Mario Rodrigue
367,Jérémie Trebuchet
368,Michael Metz
369,Aurélie Débant
370,Steven Ferreira
371,Renaud Person
372,Ionel Stănescu
373,Johan Tunkrans
374,Xu Lang
375,Matthew Hawley
376,Nigel Kershaw
377,Kazuhiro Shimazu
378,Miguel Santorum González
379,Sébastien Ébacher
380,Derek Duke
381,Alastair Hebson
382,Antony Johnston
383,Todd Alderman
384,Simon Skogsrydh
385,Rob Yescombe
386,Eric Dillard
387,Lori Lucia
388,Andrew Scharf
389,Takenobu Okabe
390,Andrew Chrysafidis
391,Ken Cockerham
392,Tobias Anderberg
393,Peter Cornforth
394,Fumiya Shirahama
395,W. Haden Blackman
396,Jared Merback
397,Sylvain Tessier
398,Jonas Gillberg
399,Ran Sato
400,David Punset Martínez
401,Carl Coss
402,Kyle W. J. Scott
403,Greg Heddlesten
404,Jack Grillo
405,Michał Słapa
406,Kevin Boehm
407,Lienn Lefler
408,Franck Chapelat
409,Design
410,Makoto Hayashi
411,Ryan Brain
412,Daniele Bernardini
413,Nicholas Grimwood
414,Matthew Zitterman
415,Mikael Grolander
416,Kelvin Aston
417,Vincent Le Meur
418,John Abad
419,Tjalling Lankreijer
420,Herbert Lowis
421,Simon Quemener
422,Eric Chin
423,Stephen Schlueter
424,Keith Miron
425,Anders Olsson
426,Nicolas Demay
427,Marielle Jakobsons
428,Seth Spaulding
429,Martin Waern
430,Hiroki Imanishi
431,Ali Mayyasi
432,Jimmy Mullin
433,Simon Harris
434,Thomas Rollus
435,Cyril Marlin
436,Simon Hurley
437,Mark Diaz
438,Ian C. Ryan
439,Pierre-François Sapinski
440,Gwendoline Ancelin
441,Joël Grégoire
442,Fanny Roche
443,Scott Phillips
444,Jeffrey Kaplan
445,Jean-Sébastien Décant
446,Akira Koyama
447,Colas Markowski
448,Gilles Monteil
449,Ju‑Lian Kwan
450,Adrián Yagüe Martir
451,Andrew Brown
452,Jay Molloy
453,Ben Wyatt
454,Yoshitatsu Tanaka
455,Måns Ortner
456,Marc Gomez
457,Yoshikazu Takayama
458,Takanobu Otowaki
459,Chris Halliday
460,Mathias Karlson
461,Blake Politeski
462,Francis Lacuna
463,José Luis Vaello Bertol
464,Jeffrey Kwok
465,Jerad Heck
466,Jeff Chan
467,Alex Norton
468,Johal Gow
469,Yuki Kido
470,Andrew H. Marrinson
471,Prokop Jirsa
472,Dan Indra
473,Aaron Canary
474,Christopher D'Ambrosio
475,Hans Zenjuga
476,Thomas Jahn
477,Carl Boulay
478,Erick Villarreal
479,Fredrik Westlund
480,Austin Germer
481,Adisak Pochanayon
482,Thomas Cutts
483,Timothy Ford
484,Paul Porter
485,Jun Takeuchi
486,Kenichi Akamoto
487,Jay Woodward
488,Ryan See
489,Stéphane Ménardais
490,Vladimír Roth
491,Haruo Murata
492,Mathieu Leduc
493,Markus Söderqvist
494,Andrew Thompson
495,Alex Pan
496,David Yu
497,Glen Saberton
498,Danial Keoki
499,Jonathan Hurtado
500,Phil Chapman
501,Martin Wörister
502,Mitch Evans
503,Masao Kobayashi
504,Joe Ishikura
505,Grzegorz Miechowski
506,Mike Mamula
507,Shūhei Rokumoto
508,Matthew Tomkinson
509,Tomoyuki Ando
510,Peter Adamčík
511,Mélissa Cazzaro
512,Corey Rollins
513,Marc Schmitt
514,Angie Smets
515,Hiroshi Yamashita
516,Tim Meekins
517,Avery Lee
518,Nicolas Juspin
519,Hiroyuki Chi
520,Masayoshi Noda
521,Nikolay Zarochintsev
522,Jeff Skalski
523,Satoshi Hirayae
524,Tom Wurtz
525,Angelo Iasevoli
526,Pan Xu
527,Charles Robert Webb
528,Sean Velasco
529,Sylvain Glaize
530,Daigo Sato
531,Thomas Sakkos
532,Rob Rypka
533,Santiago Velez
534,Aitor Roda
535,Stephen Bate
536,Fréderic Bertrand
537,Alain Jarniou
538,Michael Trainor
539,Wyatt Glenn
540,Albert DeBacker
541,Paul Mathus
542,Martin Samuel
543,Anders Bodbacka
544,Zack Keller
545,Rémi Guerin
546,Leanne Loombe
547,Philip Tse
548,Anja Sommeregger
549,Lorenzo Guaita
550,Brian Townsend
551,Chris Hite
552,Gustav Halling
553,Kazuaki Ito
554,James Dzierwa
555,Scott Kennedy
556,Shutaro Iida
557,Ben Gouldstone
558,Hidenori Shibukawa
559,Nicholas Cort
560,Edward Kilham
561,Cole Phillips
562,Dee Doherty
563,Vaclav Jarko
564,Ulf Andersson
565,Alan Nanes
566,Ando Roose
567,John Ribbins
568,Wynne McLaughlin
569,Giovanni Martinez
570,Alicia Fortier
571,Martin Fontaine
572,Viktor A. Lundberg
573,Sylvain Côté
574,Roman Vincent
575,Giacomo Guidi
576,Vincent Pontbriand-Trudel
577,Sebastian Livall
578,Stephen Long
579,Julien Marchand
580,Vladimir Korunchak
581,Vincent Furminieux
582,Jonas Wallin
583,Xavier Gonzalez
584,Charles Sonnenberg
585,Gary Chambers
586,Simon Spencer
587,Balázs Kalázdi
588,Olivier Proulx
589,Arthur Fox
590,Carl-Johan Ljungstedt
591,Nanako Kobayashi
592,Aya Bajou
593,Nick Kessler
594,Paolo Daolio
595,Francesco Antolini
596,Toshio Masuzawa
597,Patrick Murphy
598,Matt Pettineo
599,Michał Stec
600,Ramey Harris
601,Olivier Hoël
602,Hideo Yoshie
603,Jens Matthies，Fredrik Ljungdahl
604,Cory Barron
605,David Pendergrast
606,Ryan Verne
607,Marius Pietrăroiu
608,William Harms
609,Theodore Fishman
610,Luke Smith
611,Steven Fuller
612,David Meyer
613,Hideki Bessho
614,Julien Roby
615,William Parks
616,Evan M. Skolnick
617,John Dombrow
618,Lee Hammock
619,Joseph Lawrence
620,Ranon Sarono
621,Samuel Manier
622,Johan Döhl
623,Tanya Riarey
624,Hajime Kitamura
625,Noel Chamberlain
626,Per Kjellström
627,Sébastien Levésque
628,Justin Trefgarne
629,Eduardo Sarabia
630,Giacomo Sanghi
631,Daniel Drapeau
632,Mitchell Politeski
633,Andrea Adams
634,Cameron Lee
635,John Lytle
636,Casey O'Toole
637,Matthew Hamre
638,John Foster
639,Dominic Matthews
640,Richard A. Lopez
641,Mikael Persson
642,Daichi Kurumiya
643,Daniel Miller
644,Max Kaufmann
645,Matthew D. Sherman
646,Jeffrey Massung
647,Mathias Chataignier
648,Matthew Florianz
649,Malik Toppins
650,Lars JohanssonLars Johansson
651,Gary Napper
652,Hiroaki Ishige
653,Simón Remis García
654,Yongjoon Lee
655,Alan Poon
656,Aaron Castellan
657,Xavier Crespo
658,Hugues Poncet
659,Shane Hawco
660,János Ibrányi
661,Jeff Brizzolara
662,John Lee
663,Wafaa Benhammou
664,Mike Pondsmith
665,Joakim Setterberg
666,Javier GonzálezBarreiro
667,Michael Stauffer
668,Bakul Bhumkar
669,Dan Sochan
670,Shigeto Hirai
671,Innes McKendrick
672,Paul Munro
673,Corky Lehmkuhl
674,John Birley
675,Alan Villani
676,Shoi Miyazawa
677,Neil Ambler
678,Adam Boyd
679,Paul Chadeisson
680,David Freeman
681,Élie Rocray
682,Rod Mack
683,Peter Thierolf
684,Chuck Knigge
685,Steeve Dallaire
686,Alan Lawrance
687,Mark Slater
688,Greg Orlando
689,Matthew J. Powers
690,Vincent Denis
691,Scott Kircher
692,Martin Timko
693,Kouhei Ikeda
694,Alex Land
695,Moumine Ballo
696,Shinya Okada
697,Christian Ammann
698,Anthony White
699,Yusuke Kodera
700,Zaid Ahmed
701,Flavio Parenti
702,Marie-Jo Leroux
703,Lubomir Timko
704,Yuuki Ooi
705,Paul Bertone
706,Grant Bolton
707,Brett J. Douville
708,Alexander Kostiuk
709,Elizabeth Ashman-Rowe
710,Virginie Blondel-Pelletier
711,Tim Coupe
712,Patrick Labine
713,Young Kyun Kim
714,Aurélien Chiron
715,David Burton
716,Hao Chen
717,Takehiro Nomura
718,Jeff McGann
719,Cristian León
720,Hak Lee
721,Grant Garvin
722,Justin Burnett
723,Bryan Ploof
724,Jamie Derbyshire
725,Adam Starks
726,Pat Dwyer
727,Utku Akay
728,Ben Keen
729,Tristan Bernier
730,Manuel Widmer
731,Marco Till Brenner
732,Jacques Rossouw
733,Ken Davis
734,Stephanie Harvey
735,Laython Whitmire
736,Tim Stobo
737,Daisuke Shibano
738,Damien Goodwin
739,Billy Martin
740,Marcel Kuhn
741,Marco Montecinos
742,Stephen Powell
743,Robh Ruppel
744,Clint McCaul
745,Morgan Antoni
746,Kevin Wilson
747,Herb Ellwood
748,Sébastien Arnoult
749,Yusuke Kozaki
750,Shohei Takada
751,Todd Howard
752,Benjamin Goulet
753,Jeff Hua
754,Ryo Onishi
755,Toshiyuki Niida
756,Kévin Carpentier
757,Florian Doutre
758,Sean Wicks
759,Eben Cook
760,Robert Cheng
761,Patrick Butler
762,Théo Grimoud
763,Brett Hawkins
764,Paul Marshall
765,Philipp Teschner
766,Hugues Richer
767,Matthew Delamere
768,Phil Nelson
769,Anne Cunningham
770,Noriyuki Asakura
771,Elias Figueroa
772,Magnus Danielsson
773,Alisha Thayer
774,Ben Walker
775,Martin Lancaster
776,Alexander Conde
777,Marc Léveillé
778,Anne Dévouassoux
779,Wenzheng Huang
780,Yang Liu
781,Gabriel Dobrev
782,Jake Stein
783,David Cage
784,Tod Pang
785,Philip Huxley
786,Tatsuhiko Oi
787,Andrew Vite
788,Adam Puhl
789,Yoshitaka Osawa
790,Steven Wrinch
791,Kouki Takahashi
792,Emilia Schatz
793,Adam Rosengren
794,Will Kerslake
795,Mike Taylor
796,Donovan Skirvin
797,Przemysław Kawecki
798,Ian Lane Davis
799,Mattia De Nadai
800,Steve Harding
801,Vincent Sun
802,Randy Nash
803,Craig Wright
804,Sebastien Heroux-Lefebvre
805,Justin Knappich
806,Sydney Wojnach
807,Andrew Phongsamran
808,Paul Tidwell
809,Greg Smith
810,Mattias Ottvall
811,Matt Bauer
812,Thomas Crofts
813,Susan Kath
814,Paul W. Warzecha
815,Josh Gleaves
816,Katsuya Tokuyama
817,Jophray Mikolajczyk
818,Nathan DeGrand
819,Isaac Vanier
820,Scott Krotz
821,Nobuhiro Obata
822,Kenichi Sato
823,Abdelhak Elguess
824,Dan Jolley
825,David Ford
826,Sergio Rocco
827,David Taylor
828,Pierre Hornez
829,Yuki Izumi
830,Mark MacBride
831,Seth Marinello
832,Charles Granger
833,Emmanuel Djobet
834,Lydia Andrew
835,Robert Worrell
836,Chris Hegstrom
837,Jun Kawahara
838,Aaron Garbut
839,Howard Rayner
840,Mike Poe
841,Anne Chilldon
842,Roger Hughston
843,Ahmed Boukhelifa
844,Steve Sinclair
845,Matthias Dohmen
846,Tim Walter
847,Soichiro Sunagawa
848,Marcin Żygadło
849,Jim Spoto
850,David Grayson
851,Ian McQue
852,Michał Drozdowski
853,Brian Chapin
854,Benjamin Mouret
855,Kornel Jaskuła
856,John Yan
857,Emmanuel Courrossé
858,Nicolas Hoestlandt
859,Mats Andersson
860,Todd Piperi
861,Pierre-Francis Lafleur
862,Pete Walentin
863,Erik Medina
864,Masaaki Yamada
865,Stephen Sharples
866,Jean-François St-Amour
867,Yoshihiro Nagata
868,Simon James
869,Karen Welford Segars
870,Mathieu Chastel
871,Mike DiRenzo
872,Ben Gaciu
873,Jean‑Luc Monnet
874,Robert Foster
875,Paul Blair
876,Robert Malinowski
877,Jeff Goslan
878,André Fleury
879,Peyton Duncan
880,Florence Lapalu
881,Valentin Pertuy
882,Wen Chi Gu
883,Florent Guinier
884,Jean-François Poirier
885,Xavier Wiart
886,Sophie Linh
887,Aaron Lewis
888,Martin Kennedy
889,Dennis Bilow
890,Stewart Lynch
891,Ken Malcolm
892,Lucas Carlyle
893,David McFarland
894,Simon Andrew James Bennett
895,Felicia Steenhouse
896,Kinwai Lee
897,Lyndsay Pearson
898,Tom Litton
899,Jeremy Yates
900,Caroline Ancessi
901,Ali Zandi
902,Nathan Bonfiglio
903,Gabriel Zumberge
904,Petter Sydow
905,Nikica Petrušić
906,Jon Paul Duvall
907,Nathaniel Bryan
908,Michael Vincent Castro
909,Noriyuki Hiromoto
910,Scott Graupmann
911,Katherine Hayton
912,Brian Robb
913,Chris Symonds
914,Ayaka Sato
915,Liberty Walker
916,Jeff Keyek
917,Erik Johansson
918,Nicholas Wlodyka
919,Sean Quinn
920,Luca Simonotti
921,Yujiro Kosaka
922,Pedro Seminario
923,Ricardo Bare
924,Luis Villegas
925,Simon Barsky
926,David Whittaker
927,John H. Garcia Shelton
928,Kirill Spiridonov
929,Antony Mechin
930,Olivier Gueydon
931,Chris Fox
932,Charles Nepton
933,Riso Suzuki
934,Kevin Stephens
935,Sébastien Mitton
936,Clement Dagneau
937,Jonathan Albert
938,Phil Owen
939,Curtis Hartung
940,Camilo Palma
941,Niklas Hansson
942,Hyun-Soo Kim
943,Ed Teffeau
944,Rob Davis
945,Rodolphe Recca
946,Grzegorz Świstowski
947,Hidenori Sato
948,Brianna Code
949,Grady Standard
950,Aaron Covington
951,Jason Botta
952,Jonathan Hayter
953,Alex Wilmer
954,Daniel Vávra
955,Niklas Frostgård
956,Gregory Hermittant
957,Jocke Sohls
958,Kennetha Story
959,Wesley Yanagi
960,Chris Lennox‑Lamb
961,Kris Young
962,Brad Jones
963,Tomoyo Takahata
964,Benoit Houle
965,Somer Esat
966,Christer Ericson
967,Andy LaPlegua
968,Dennis Talajic
969,Joe Morrissey
970,Jean-Noël Dhooge
971,Benoit Vincent
972,Roman Ohlendorf
973,Jinsong Li
974,Marcin Mazur
975,Michael Saxs Persson
976,Mat Taylor
977,Jerry Shaw
978,Phillip Alexander
979,Daniel Christensen
980,Nick Gilden
981,Takao Yamagishi
982,Julien Le Corre
983,Jamie Cheng
984,Jacob Copenhaver
985,Tony Manfredonia
986,Andrew Woods
987,Benjamin Plich
988,Toby Gard
989,Filip Karlsson
990,James Torbit
991,Ryan Spencer
992,Alexandru Dumitru Tătaru
993,Max Taranov
994,Artur Frelke
995,Ala Diaz
996,Jeff McCaig
997,Mark Pacini
998,Jan Jöckel
999,Aymeric Schwartz
1000,François Tarlier
1001,Colin Bonstead
1002,Stephen Jameson
1003,Hilda Lidén
1004,Kenji Chujo
1005,Jim Kjellin
1006,Christian Ebbecke
1007,Loïc Fosse
1008,John N. Pearl
1009,Ryan Greene
1010,Christian Antkow
1011,no
1012,Frédéric Duroc
1013,Josh Pickering Pick
1014,Carey Hickling
1015,Matthew Farber
1016,Dennis Zopfi
1017,Richard A. Baker
1018,Christian Nakata
1019,Shinji Hirao
1020,William John James Motz III
1021,Yuichi Ninagawa
1022,Kam Yu
1023,Eric Martel
1024,Himanshu Vartak
1025,Himanshu Chablani
1026,Patrik Willbo
1027,Tome Jozic
1028,Shogo Fujishima
1029,Gavin Irby
1030,Paul Furminger
1031,Pierre Clément
1032,Dave Kudirka
1033,Jared Cone
1034,Michael A. Carr-Robb-John
1035,Randall Turner
1036,Mikael Högström
1037,Ken-Ichiro Imaizumi
1038,Deborah Choi
1039,Mackey McCandlish
1040,Alexander W. Offermann
1041,Kevin Hogan
1042,Maxime François
1043,Matt Sammons Morales
1044,David García Díaz
1045,Geoff Crookes
1046,Jesse McIntyre
1047,Nathan Wells
1048,Jason Martin
1049,Didier Masseret
1050,Marcin Blacha
1051,Unamuji Hasunuma
1052,Marty Stratton
1053,Parimal Sabnis
1054,Charles  Tangora
1055,Nicolas Distefano
1056,Jérémy Gavoille
1057,Hugues Tardif
1058,David Hoye
1059,Mirko Petrelli
1060,Naoki Hamaguchi
1061,Sarah Kassem
1062,Nitin Venugopal
1063,Ben Ranson
1064,Tyson Green
1065,LeadsChris Carney
1066,David Henry
1067,Shōji Meguro
1068,Kevin Mortier
1069,Ionuţ Anghelcovici
1070,Anthony Newman
1071,Tim Golem
1072,Jerson Sapida
1073,Nik Bowen
1074,Pol Thomas
1075,Miyuki Momose
1076,Linus Söderlund
1077,Monique Gabrielle Shrager
1078,Charles Connoy
1079,Jonas Kjellström
1080,Scott O'Gallagher
1081,Tomas Jelinek
1082,Kartik Jayaraman
1083,Xuewei Li
1084,David García
1085,Zane Gholson
1086,Sigurlína V. Ingvarsdóttir
1087,Frank D.H. Lam
1088,Xavier Marquis
1089,Michael Cutting
1090,Keith Balding
1091,Peter Trenouth
1092,Ken Hinxman
1093,Jeff Harris
1094,Kiyohito Itō
1095,Qi Yang
1096,David Neiss
1097,Ryan Denniston
1098,Michael Hartin
1099,Vinash Seenath
1100,Jessica Clark
1101,Greg deBeer
1102,Jérôme Charles
1103,Andrada Greciuc
1104,Steve Caterson
1105,Matthew Gaston
1106,Philipp Kolhoff
1107,Danny Baranowsky
1108,Amit Bakshi
1109,Anders Backman
1110,Pierre-Marie Charavel
1111,Marc-Alexis Côté
1112,Jérôme Antona
1113,Michelle Leonard
1114,Josef Vanžura
1115,Anna Wahlström
1116,Antony Christoulakis
1117,Allan Beaupré
1118,Alain Mercieca
1119,Aeris Q. Han
1120,Alexandre Pestana
1121,Thong-Pheth Chanchaleune
1122,Takashi Wagatsuma
1123,Michael Northeast
1124,Sandro Bernabé Sánchez
1125,Koji Hasegawa
1126,Victor Joumier
1127,David M. Adams
1128,Claudio Bustamante
1129,Vikram R. Bailakanavar
1130,Jay D. Usher
1131,Araib Bin Saleem
1132,Bert Farache
1133,Elizabeth Foster
1134,Jonathan Hall
1135,Max Knoblich
1136,Jeff Arthur
1137,Bruce Hayles
1138,Anwar Nayar Escobar
1139,Kenji Niki
1140,Louis-Philippe Dallaire
1141,Rachel Rubin Franklin
1142,Heather A. Marshall
1143,Darren Mills
1144,Noah Berry
1145,Kelly Graham
1146,Ryan Paradis
1147,Thomas Huynh
1148,Guillaume Laplante
1149,Éric Baillargeon
1150,Bob Glessner
1151,Rhianna Pratchett
1152,Sam Chan
1153,Shannon Copur
1154,Michael Kuntze
1155,Emmanuel Petit
1156,Frédéric Saclier
1157,Mariina Hallikainen
1158,Andrew Stanbury
1159,Jordan Rogers
1160,Alejandro Mozqueda
1161,Tim Robins
1162,Steve Reddoch
1163,Khai Nguyen
1164,Yuki Uchida
1165,Matthieu Schneider
1166,Keisuke Yamakawa
1167,Shaun Himmerick
1168,Catherine Valois
1169,Mike Phillips
1170,Toshihiko Tsuji
1171,Roel Sanchez
1172,Sebastian Enrique
1173,Mathieu Olivier
1174,Lauren E. Careccia
1175,Shane Sasaki
1176,Jesper Kyd
1177,Drew Holmes
1178,Grégory Corgié
1179,Allan Cortez
1180,Gary Buckley
1181,Thomas Silloway
1182,Naoki Tanaka
1183,Jason Gregory
1184,Masaru Hatano
1185,Guillaume Gernez
1186,Yasuyuki Okura
1187,Erik Buensuceso
1188,Martin Kocisek
1189,Guillaume de Fondaumière
1190,Lyra Ulangca
1191,Cédric Perthuis
1192,Barry Thompson
1193,Thomas Sampson
1194,Daisuke Takagi
1195,Wayne Billingham
1196,David Bridet
1197,Levi Næss
1198,Florian Luna
1199,Miles Leslie
1200,Ivan Gusev
1201,Adrian Paul Smith
1202,Lee Taylor
1203,Mark Cerny
1204,Ian Citti
1205,Clay Mathews
1206,Alexandre Pedneault
1207,Stefan Obst
1208,Martin Tegnemark
1209,Tor Helmstein
1210,Bob Soper
1211,Alexis Morille
1212,George Andreas
1213,Jared Emerson-Johnson
1214,Herman Fok
1215,Steve Bilton
1216,Tsuyoshi Nishimura
1217,Jeffrey Cheng
1218,Vidar Nygren
1219,Yves Breton
1220,Timothy Donley
1221,Sylvain Ruard‑Dumaine
1222,Jeff Morris
1223,Nobuhito Ishigaki
1224,Kelly Willoughby
1225,Jessica Brezzo
1226,Jesse Duvall
1227,Shea Richardson
1228,Arthur Usher
1229,Dan Hay
1230,Neal Hanson
1231,Fabrice Granger
1232,Joshua Rowan
1233,John Wheeler
1234,Jean-Sebastien Leblanc
1235,Vojta Nedvěd
1236,Ryosuke Nakata
1237,Daniel Chayer
1238,Hirotomo Suzuki
1239,Niles Sankey
1240,Noah Falstein
1241,Ted Johnson
1242,Jamie Culpon
1243,Seiji Goto
1244,Danny Isaac
1245,Tom Pettigrew
1246,Kenji Uchida
1247,Adam Dolin
1248,Karl Broström
1249,Hironori Yatoku
1250,Evan Buehler
1251,Frédéric Coispeau
1252,Arvind Gopalakrishnan
1253,Jim Tilander
1254,Joel Gompert
1255,Sho Igarashi
1256,Wojciech Setlak
1257,Thomas Dell
1258,Marco Vallario
1259,Dan Doherty
1260,Dennis Nenov
1261,Stephen van der Mescht
1262,Vanesa Lorena Tate
1263,Felix Lai
1264,William Harper
1265,Frédéric O'Reilly
1266,Simon Wasselin
1267,Yong Jin Teo
1268,Shinji Harada
1269,Roman Margold
1270,Kevin Gibson
1271,Jesse Zigthor
1272,Chris Gascoyne
1273,Maged Khalil Ragab
1274,John Stephens
1275,Loic Devaux
1276,Jeremy VanHoozer
1277,Junya Ishizaki
1278,Nick D. Brewer
1279,Jeffrey Sass
1280,Takumi Kimura
1281,Marcin Batylda
1282,Darby Christopher McDevitt
1283,Stéphanie Bouchard
1284,Stace Hindle
1285,Dion Peete
1286,Luc Heninger
1287,Ben Jackson
1288,Matthew Webster
1289,Art/Graph
1290,Pascal Duriaux
1291,Nathan Burlow
1292,Michael Scantlebury
1293,John Haggerty
1294,Hirofumi Machii
1295,Robert Megone
1296,Gustav Joelsson
1297,Lorenzo Aurea
1298,Jake Sones
1299,Jonathan Court
1300,Gavin Freyberg
1301,Jeremy Masker
1302,Danny Murdock
1303,Harry Boltz III
1304,Clint Oldenburg
1305,James Richter
1306,Wayne Garland
1307,Gary Miranda
1308,Kazuaki Fujimoto
1309,Tomotaka Nakamura
1310,Rick Stirling
1311,Jeffrey Lee
1312,Lucien Soulban
1313,Atsushi Watanabe
1314,Azusa Kido
1315,Jorge Robles
1316,Kouichirou Watanabe
1317,Tommy Cheng
1318,Jean Guesdon
1319,Tuan Ngo
1320,Cosmin Constantin
1321,P. J. Hughes
1322,Naoki Katakai
1323,Lewis Wakeford
1324,Garson Kwan
1325,Stephen Enos
1326,Christopher Cooper
1327,Dana Jan
1328,Chris Devens
1329,Waylon Brinck
1330,Stuart Harrison
1331,Ozan Ünlü
1332,Corey G. May
1333,Daniel Rodriguez
1334,Ed Kay
1335,Gustav Tilleby
1336,Joe Wreggelsworth
1337,Dave Pindara
1338,Grégory Serafino
1339,Sixtus Lee
1340,Shi Kai Wang
1341,Rashid Hille
1342,Stephen Ivanauskas
1343,Alexander Andonov
1344,Nicolas Cantin
1345,Ben Minto
1346,Camille Haenel
1347,Mark Besner
1348,Paweł Marchewka
1349,Chris Alderson
1350,Jason Hickey
1351,James McNeill
1352,Magnus Hollmo
1353,Keri Mayall
1354,Christopher Cummings
1355,Simeon Vincent
1356,Magnus Larsson
1357,Aaron Pendley
1358,Clément Castanier
1359,Stuart Barnecutt
1360,Jason Wakelam
1361,Shai Matheson
1362,Jeffrey Spock
1363,Mark Muraski
1364,Oscar Gonzalez
1365,Cory Davis
1366,Rion Swanson
1367,Motomu Umeda
1368,Jesper Nielsen
1369,Matthieu Fournaison
1370,Gerke Max Preussner
1371,Masaru Yamamura
1372,Ken George
1373,Jonathan Smith
1374,Lee Jackson
1375,Dan Vaderlind
1376,Bradley Kost
1377,Eamon McKenzie
1378,Jean-Baptiste Tremouiller
1379,Peter Meynell
1380,Carl Cavers
1381,Bo Andersson Klint
1382,Dan Houser
1383,John Gonzalez
1384,Cedric Decelle
1385,Kazuhito Yoshida
1386,Neil Crofts
1387,Jeremy Isaak
1388,Darrin Fuller
1389,Filip Coulianos
1390,Andrew Wilson
1391,Ian Clarke
1392,Yoshikazu Kita
1393,Caleb Strauss
1394,Sefton Hill
1395,Jesse Scoble
1396,Phillip Conte
1397,Carsten Rojahn
1398,Stephen Cavanagh
1399,Jonathan Stauder
1400,Viorica Ghioc
1401,Brian Ramagli
1402,James Tsai
1403,Wataru Hachisako
1404,Nathanial Strickland
1405,Dmitry Zenin
1406,Gary Bland
1407,Mathieu Weschler
1408,Chris Gilbert
1409,Brandon Moro
1410,Julia Rodriguez
1411,Cahlen Lee
1412,Clement Mousset
1413,Bobby Weir
1414,Danny Grondines
1415,Adrian Bravo
1416,Attila Bánki-Horváth
1417,Brian Horton
1418,Michael Kent
1419,Bill Rockenbeck
1420,Jason Dorie
1421,Ján Kerekeš
1422,Seth Shain
1423,Chris Goodall
1424,Matthew Arrington
1425,Eddie Ellis
1426,Aurélien Caussin
1427,Ami Kawamoto
1428,Lauren Neighbors
1429,George Poles
1430,Vivian Ding
1431,Ken Feldman
1432,Benjamin Bishop
1433,Edmund McMillen
1434,Bryan Dillow
1435,Asae Nishitsuji
1436,Damien Morello
1437,Andrew Thorne
1438,Chris Lierman
1439,Paulo Garcia
1440,Rasmus Hallberg
1441,Jérôme Favreau
1442,Ryan Smith
1443,Yuta Kawashima
1444,Ludvig Kingfors
1445,Shigenori Kiwata
1446,Billy Buskell
1447,Matthew Bennett
1448,Björn Henriksson
1449,Jennifer Henry
1450,Hiroshi Ikeda
1451,Takashi Harada
1452,Takeshi Mouri
1453,Mathieu Pavageau
1454,Keiji Sakaguchi
1455,Patrick Sirk
1456,Magnus Isaksson
1457,Heather Zeis
1458,Paul Boechler
1459,Michael Roca
1460,Keva Moskowitz
1461,Tim Atkins
1462,Adrian Smith
1463,Leonel Zuniga
1464,Ryan Ashford
1465,Marc Schwegler
1466,Doug Brown
1467,Konstantin Konstantinov
1468,Alexandre Perrin
1469,Charles Bostik
1470,Roberto Rodriguez
1471,Benoît Maury-Bouët
1472,Hubert Pare‑Morency
1473,Peter Smith
1474,Jared Trulock
1475,Rodrigo Santoro
1476,Richard Lemarchand
1477,Tony Kihlberg
1478,Pat Phelan
1479,Oliver Smith
1480,David Lindh
1481,Patrik Karlsson
1482,Kurtis Hon
1483,Paul Gorman
1484,Daniel Sipes
1485,Yasunari Ohinishi
1486,Simon Koudriavtsev
1487,Joe Studzinski
1488,Dan Kaplan
1489,Mike Peters
1490,Tony Elias
1491,Sébastien Carpentier
1492,Cosmo Fumo
1493,Adrian Ciszewski
1494,Koshi Nakanishi
1495,Scott Murray
1496,Patrick Thomas
1497,Rachel Downing
1498,Sophie Brennan
1499,Michiel van der Leeuw
1500,Leonardo Iezzi
1501,John Hackleton
1502,Jonathan Mitchell
1503,Alistair Crowe
1504,Ryan Watson
1505,Kenji Sakai
1506,Fabrice Décréau
1507,Mario Chabtini
1508,Mark Simon
1509,Glen McKnight
1510,Hanane Sbai
1511,Toby Hynes
1512,Joel Smith
1513,Jean-Luc Monnet
1514,Colin Whitney
1515,Kenichi Miyahara
1516,Morgan Whitney Gray
1517,Jun Manabe
1518,Jeremy Robins
1519,Morimasa Sato
1520,Troy Mashburn
1521,Mick Gordon
1522,Rob Jones
1523,Michelle Vinall
1524,Jeff O'Connell
1525,Shinya Tsukizaki
1526,Matt Kelly
1527,Takamitsu Iijima
1528,Jens Matthies
1529,Shun Okabe
1530,Paul Flanagan
1531,Boris Mellet
1532,Mike Ruthruff
1533,Martin Griffiths
1534,Ryan Ripstra
1535,Madeleine Hart
1536,Jehanne Rousseau
1537,Sam Nouriani
1538,Viktor Bocan
1539,Sasha Nodia
1540,Karl Gallagher
1541,Alvio Costantini
1542,Leisel Spence
1543,Li Kuo
1544,Robin V. Vincent
1545,Steve Szczepkowski
1546,David Eisler
1547,Erin Ali
1548,Wessel van der Es
1549,Craig Taylor
1550,Matthew Evans
1551,Michael Nicolella
1552,Chris Patterson
1553,Guillaume Carrez
1554,Michael Stallone
1555,Craig Lafferty
1556,Anders De Geer
1557,Ron Rosenberg
1558,Daniel James Gallagher
1559,Warren Grubbs
1560,Andrew Vance
1561,Jamie Keen
1562,Richard Eastwood
1563,William Nilsson
1564,Emanuel Masciarelli
1565,Jacob Larsson
1566,Janry Burns
1567,Bihua Qiu
1568,Andrew Brock
1569,Jean-François Capizzi
1570,Jeremy Pantoja
1571,Darren Mason
1572,Louis Gascoigne
1573,Simon Mills
1574,Carlos María Vázquez García
1575,Darren Perianen
1576,Matthew Bandy
1577,Alexander Johnson
1578,Paolo Ogliari
1579,Petro Hawczak
1580,Thomas Pasquier
1581,Michael Hong
1582,Alexandre Amancio
1583,Ayato Miki
1584,Tim Williams
1585,Johannes Söderqvist
1586,Eugene Kim
1587,Timothy Watson
1588,Jonathan Gregory
1589,Rory Little
1590,Shenin Mesdaghi
1591,Frank Ward
1592,Rayme C. Vinson
1593,Hayoxn Gemson
1594,Philippe Bernard
1595,Satoshi Kishiwada
1596,Ian Simpson
1597,Timen Rienstra
1598,Nicholas A. Jones
1599,David Weedon
1600,Michael Yosh
1601,John Lu
1602,Victor Duarte
1603,Matteo Sosso
1604,Daniel Wallsin
1605,Elodie Saphores
1606,Rick Bauer
1607,Rafał W. Orkan
1608,Deke Waters
1609,David Smethurst
1610,Chris Stimson
1611,Julien Desaulniers
1612,Aaron Miller
1613,Strati Zerbinis
1614,Christopher Obritsch
1615,Chris Chambers
1616,Sean Pinnock
1617,Adrian Kornecki
1618,Andi Baker
1619,Gianluca Miragoli
1620,Claudiu Sofonea
1621,Yu-Chung Chen
1622,Giovanni Romagnoli
1623,Samik Ghosh
1624,Yukinobu Miyashita
1625,Moy Parra
1626,Robert Michael Lovegrove
1627,Thomas Ognibene
1628,Richard N. Smith
1629,Alexandru Pascoci
1630,Michael Wardwell
1631,David C. Nash
1632,Aaron Hordos
1633,Heem Patel
1634,Hayato Ikeda
1635,Cory Barlog
1636,Robert Engeln
1637,Jędrzej Mróz
1638,Paul Blythe
1639,Alexandre Carlotti
1640,Nate Fox
1641,Carl Pédimina
1642,Jay Lauterwasser
1643,Germain Mazac
1644,Andrew Taylor
1645,Yoshitaka Ogawa
1646,Karoliina Korppoo
1647,René Hidalgo
1648,Dorian Silvestre
1649,Rosa Mattia
1650,Blaine Myers (Jack)
1651,Jeffrey Scott
1652,Nelson Inomvan
1653,John Gibson
1654,Kei Kudo
1655,Daniel Eriksson
1656,Stephen Bedford
1657,Masatoshi Ishikawa
1658,Andrew Riley
1659,Pål‑Kristian Engstad
1660,Christophe Carrier
1661,Jared Adkins
1662,Jean-Charles Perrier
1663,Meng Wang
1664,Matt Firor
1665,David Vonderhaar
1666,Jan Kratochvíl
1667,Andrew Gardner
1668,Jay Weinland
1669,Grant Rodiek
1670,Adam Byrne
1671,Anton Dawson
1672,Russell Harding
1673,Andre Maguire
1674,Andrés Martínez
1675,Steve Martin
1676,Martin Šourek
1677,Jens Bergensten
1678,Alexandru Pavlof
1679,Jeffrey J. Thomas
1680,Jérôme Lasserre
1681,Luke Timmins
1682,Michael Brinker
1683,Mateo Lopez
1684,Sun YiMing
1685,Eddie Rojas
1686,Andy Whalley
1687,Sam Lucas
1688,Jake Baet
1689,David Hensley
1690,Jocelyn Garcia
1691,Scott Patterson
1692,Véronique Halbrey
1693,Nick Ruepp
1694,Harold Chaput
1695,Jeff Lafitte
1696,Mathias Tamayo
1697,Andy Martin
1698,Jeff Keely
1699,Melina Juergens
1700,Kimberly Honma
1701,Luis R. Sanchez
1702,Patrice Zink
1703,Erik Deitrick
1704,Billy Ethan Khan
1705,Naoki Osawa
1706,James Ferguson
1707,Jean-François St-Pierre
1708,Chris Claflin
1709,Akio Horibe
1710,Jean-Baptiste Rollin
1711,Mark Choy
1712,Dan Teitel
1713,David Salo
1714,Jon Corl
1715,Larra Paolilli
1716,Sandra Warren
1717,Shinichiro Ozawa
1718,Mark Radcliffe
1719,Paul Vlasie
1720,Erik Pettersson
1721,Takahiro Shiojima
1722,Matthew Jones
1723,Mutopan
1724,Ivan Grozev
1725,Eric Sims
1726,Gerard Green
1727,Kazuma Koda
1728,Félix Duchesneau
1729,Yosuke Higuchi
1730,Marcus Nilsson
1731,Jean-Charles Frenette
1732,Hussain Sheikh
1733,Imran Sarwar
1734,Marcello Radice
1735,Andy Yelland
1736,Isamu Hara
1737,Derek Mulder
1738,Sebastian Kowoll
1739,David Aldridge
1740,Hardouin Pouzet
1741,Mathijs de Jonge
1742,Kama Dunsmore
1743,Johnnie Yang
1744,David Champagne
1745,Joost Peters
1746,Michael Cheal
1747,Daniel Donaho
1748,Josh Morrison
1749,Mike Varley
1750,Christer Johansson
1751,Srikkanth Jagannathan
1752,Frank Faugno
1753,Liza Shulyayeva
1754,Przemysław Wójcik
1755,Helen Kershaw
1756,Nathan Gams
1757,Daniel Purcell
1758,Patrick Honnoraty
1759,Atsushi Masuda
1760,Jeffrey Adams
1761,Bill Warnecke
1762,Stefano Casillo
1763,Pierre Portier
1764,Nick Konkle
1765,David Dootson
1766,Stephen D. White
1767,Craig Richardson
1768,Guillaume Marcotte
1769,Igor Manceau
1770,Nigel Middleman
1771,Victor Magnuson
1772,Jordan Walker
1773,Adrian Mark Perez
1774,Matthew Daugherty
1775,Roshen Kessopersadh
1776,Thomas Breeden
1777,Brant French
1778,Emil Nygren
1779,Buz Reid
1780,Rasmus Hardiker
1781,Bill Podurgiel
1782,Ryo Makita
1783,Emanuel Garcia
1784,James Thérien
1785,Earl Hammon Jr.
1786,Jalal Eddine El Mansouri
1787,Danny Bélanger
1788,Nicolas Langlois
1789,Steve Marton
1790,Shinya Sato
1791,Jean‑François Chabot
1792,Jeremy Stieglitz
1793,Shota Okamoto
1794,Michiru Nakata
1795,Michael de Plater
1796,Kiyotaka Suzuki
1797,Brenoch Adams
1798,Mark Healy
1799,Eduardo Andres Carter Soto
1800,Jordon Davis
1801,Marcus Ottvall
1802,Alistair Lindsay
1803,Laurent Guerri
1804,Benoît Jacquier
1805,Jared Schincariol
1806,Haythem Mahbouli
1807,Ryan Juckett
1808,Manny Hagopian
1809,Keith Hladik
1810,Matthew Rice
1811,Darin Casier
1812,Éric Chartrand
1813,Wojciech Jozefowicz
1814,Doug Marien
1815,David Goldfarb
1816,Frederik Gareau
1817,Jasmin Patry
1818,Stefan Kuizenga
1819,Kenneth Brown
1820,Mikael Hasslund
1821,Michael Deneen
1822,Kevin Malinak
1823,Paul Hale
1824,Thomas Venner
1825,Benoit Tigeot
1826,Leon Warren
1827,Tobin George Armour
1828,Benoît Javel
1829,Eddie Edwards
1830,Sonia Caan
1831,Daisuke Fukui
1832,Steve Hart
1833,Kirill Yudintsev
1834,Suhas Holla
1835,Takeshi Hida
1836,Scott Wittbecker
1837,Barrington Pheloung
1838,Kelly Wilson
1839,Oli Wright
1840,Robert Hoath
1841,David Wollen
1842,Marie-Agnès Guy
1843,Trey McNair
1844,Tomohisa Oda
1845,Patrick Downs
1846,Éric Bibeau
1847,Ben Klages
1848,Steven Marshall
1849,Laurent Renoux
1850,Johannie Gervais
1851,Linus Blomberg
1852,Yuuki Kawamura
1853,Colin Post
1854,Mounir Radi
1855,Luke Carpenter
1856,David Grove
1857,Christopher Sutton
1858,Artemis Tsouflidou
1859,Travis Hoffstetter
1860,Andrew Pojar
1861,Amélie Bouchard
1862,Karl Löwenberg
1863,Yasuhiro Yamamoto
1864,Ali Albomahdy
1865,Mark Lewis
1866,Steven J. Parker
1867,Vassilis Poulopoulos
1868,Soji Seta
1869,C. Paul Johnson
1870,Steven A. Ross
1871,Benjamin McCaw
1872,Fabrizio Brugnaro
1873,Georgi Georgiev
1874,Tim Loucks
1875,Peter Higley
1876,Boris Briss
1877,Pradnesh Patil
1878,Tsukasa Saitoh
1879,Programming /Engineering
1880,Florent Lamy
1881,Joseph M. Tringali
1882,Domenico Celenza
1883,Kosuke Ide
1884,Sebastien Laigle
1885,Neil Allen
1886,Zachary Timmerman
1887,Unai Gómez Onrubia
1888,Eddie Park
1889,Alexander Wood
1890,Kara Massie
1891,Benjamin Rollinson
1892,Tom Cramer
1893,Ian Deary
1894,Brian Li
1895,Amanda Rotella
1896,Philippe Grégoire
1897,Sylvain Praloix
1898,Josh Williams
1899,Mitsuteru Fukushima
1900,Michael Unsworth
1901,Takehito Tsuchiya
1902,Rémi Lacoste
1903,Neil Meikle
1904,Dustin Hulm
1905,Petr Janeček
1906,Alex Gingras
1907,Pascal Serra
1908,Laird Max Herngren Derpich
1909,Chris Brown
1910,Dai Hirose
1911,Per Hugoson
1912,Scott Wardle
1913,Masao Kimura
1914,Christopher Larson
1915,Derek Daniels
1916,Kyle Heisler
1917,Julien Marec
1918,Justin Heisler
1919,Joakim Fridlund
1920,Gary Moore
1921,Jean-François Naud
1922,Andrew Langley
1923,Paweł Zawodny
1924,Daniel Medeiros
1925,Sandra B. Christensen
1926,Noel Lukasewich
1927,Mat Thomas
1928,Darrell Timms
1929,Kenneth Ross
1930,Thierry Jouin
1931,Maximilian Vaughn Ancar
1932,Peter Hornak
1933,Tatiana Malinko
1934,Jeff Browne
1935,Yasuki Nakabayashi
1936,Chemère Birkensleigh
1937,Paul Tozour
1938,Eric Le
1939,Ed Boon
1940,Brian Hess
1941,Adriana Lopez
1942,Ike Macoco
1943,Marc Benoit
1944,Thomas Begne
1945,Rio Hamamoto
1946,Elisa Di Lorenzo
1947,Sage Merrill
1948,Steve Papoutsis
1949,Al Nelson
1950,William T. Munk II
1951,Benoit Laporte
1952,Kirk S. Sandiford
1953,Trevor Bresaw
1954,Tim Hanagan
1955,Lars Bakken
1956,Scott Crawford
1957,Toyo Teramoto
1958,Vincent Napoli
1959,Matt Palmer
1960,Gordon Wang
1961,Jeffrey Sarre
1962,Robert Cogburn
1963,Stefan Mikaelsson
1964,Stephen Barton
1965,Anthony Vitale
1966,Michał Szustak
1967,Valérie Lim
1968,Kateřina Matějíčková
1969,Kazuhiro Hamatani
1970,Ivar Olsen
1971,Gail Oda
1972,Phil Nixon
1973,Jane Tsai
1974,Cecil Hong-Sik Kim
1975,Mustapha Mahrach
1976,Sumiko Hatakeyama
1977,Tim Schroeder
1978,Jérôme Jany
1979,Marco Massarutto
1980,James Leitch
1981,Jean-Alexis Doyon
1982,Sebastian Evefjord
1983,Julien Nuncq
1984,Ithomeneas Mitsotakis
1985,Aida Gochgarian
1986,James Lee
1987,Jan-Bart van Beek
1988,John Eric Byrd
1989,Mamoru Oyamada
1990,Barry LaVergne
1991,Michael Skupa
1992,Adam Cochrane
1993,Jeff Farris
1994,Frank Pearce Jr.
1995,Jean-Marie Vouillon
1996,Katsuhiko Sato
1997,Arnaud Noble
1998,Pierre Bertin
1999,Sean Bean
2000,Cyril Tahmassebi
2001,Larry Richart
2002,Alex Banks
2003,Dennis van den Broek
2004,Cambria Blaize
2005,Akihiko Yoshida
2006,Andrea Fusaro
2007,Lee Robinson
2008,Brittany Steiner
2009,John Johanas
2010,Gene Ostrowski
2011,Roy Postma
2012,Gregory Foertsch
2013,Alex Ivanchev
2014,Taro Hasegawa
2015,Yohei Ikawa
2016,François Bogaert
2017,Brendan Burns
2018,Simon Embley
2019,Nino Samuel
2020,Olivier Ramirez-Lussier
2021,Zachary Schläppi
2022,Kari Hattner
2023,Stephen Coan
2024,Edward Pun
2025,Didier Blanché
2026,Tiffany Chu
2027,Jeroen van der Meulen
2028,Jean-Baptiste Bolcato
2029,Guy Cockcroft
2030,Matt Kludt
2031,Attila Grőb
2032,Sylvain Laceres
2033,Károly Faragó
2034,Ricardo Tobon
2035,Sébastien Theilot
2036,Luke Steichen
2037,Grat Crabtree
2038,François Lapikas
2039,Stuart Arrowsmith
2040,Jared Spicer
2041,Bruno Boucher
2042,Roger Wolfson
2043,Masachika Kawata
2044,Corey Davis
2045,Tom Beesley
2046,Michael Boon
2047,Christian Bittkau
2048,Tommy Tordsson Björk
2049,Jason Blundell
2050,Mark Shoaf
2051,Eric Gross
2052,Richard Thomas
2053,Katsuhiro Harada
2054,Sébastien Legrain
2055,Sean Murray
2056,Spencer Alexander
2057,Jean-Christophe Alessandri
2058,Simon Sirois-Deschênes
2059,Jacques Lebrun
2060,Dominick Regan
2061,Tom Matthews
2062,Benjamin Liu
2063,Tim Carter
2064,Jean-François Roy
2065,Nathan X. McDyer
2066,Jo Burba
2067,Antony Wilkinson
2068,Russ Pecoraro
2069,Russell Chamier
2070,Jeffrey Yohalem
2071,Megan Goldbeck
2072,Guillaume Picard
2073,Kris Georges
2074,Paweł Selinger
2075,Paul Carver
2076,Andrew J. Hayford
2077,Joshua Carnifexia
2078,Dmitry Andreev
2079,Mchael Paul
2080,Brian King
2081,Luc Bouchard
2082,Petr Samek
2083,Max Ramirez
2084,James Norman
2085,Colten Murphy
2086,Andreas Brinck
2087,Ronald de Feijter
2088,Joseph Clark
2089,Andrew Firth
2090,Chris Sulzbach
2091,Lars Johansson
2092,Joshua Jon Herbert
2093,Steve Fukuda
2094,Erik T. Leppänen
2095,Hideaki Nakata
2096,Justin Walsh
2097,Jake Kaufman
2098,Eugen Șendroiu
2099,Michael Kane
2100,Justin Truman
2101,Alex Silverman
2102,Dmitri Linkiewicz
2103,Wade Lindley
2104,Roger Mattsson
2105,Graham Jans
2106,Bobby Pavlock
2107,Oskar Blomberg
2108,Andrew McCabe
2109,David Blewett
2110,Thomas Rabouin
2111,Matthew Durasoff
2112,Chad Chatterton
2113,David Pinkney
2114,Otumara Harrison
2115,Toshiaki Suzuki
2116,Stuart Scandrett
2117,Greg Tomko-Pavia
2118,David Payne
2119,Arnaud Lhomme
2120,Barney Pratt
2121,Craig Hupin
2122,Christophe Roguet
2123,Zafer Coban
2124,Garth DeAngelis
2125,Mauro Indini
2126,Kim Nordström
2127,Hajime Horiuchi
2128,Finlay Curran
2129,Hidenari Inamura
2130,Denis Mercier
2131,Craig Walton
2132,Andrew Allanson
2133,Chris Larkin
2134,Jeremie Voillot
2135,Raphaël Lacoste
2136,Hiroto Matsutani
2137,Nick Farah
2138,Klaas Schilstra
2139,Robert Cauldwell
2140,Misaki Shindo
2141,Thomas Brunner
2142,John Holdeman
2143,Martin Bédard
2144,Winnie Hsieh
2145,Alana Bergstrome
2146,Ian St-Louis
2147,Tony Gronick
2148,Jun Yasuda
2149,Keita Kimura
2150,Ben Cureton
2151,Nathan Jose (Ike)
2152,Carl Lavoie
2153,Richard Lico
2154,Jason Estey
2155,Kenichi Ueda
2156,Koki Aoyanagi
2157,Robert Träffe
2158,François Quidoz
2159,Sho Nakamura
2160,Laurent Lozano
2161,Darren Hayward
2162,Dave Wood
2163,John McCarthy
2164,Takuro Yamashita
2165,Tony Warriner
2166,PJ Bowron
2167,Hideyuki Eto
2168,Kevin Shortt
2169,David Dunn
2170,Qiu Jian Ping
2171,Anthony Casson
2172,David Sleeper
2173,Arjun Rajan
2174,Jared Belkus
2175,Bill Green
2176,Jesse Bean
2177,Hirokazu Tōyama
2178,Jonathan Pavlou
2179,Sang Min Kwak
2180,D.T. King
2181,Mark Boal
2182,Magnus Jansén
2183,Victor Popa
2184,David Copelovici
2185,Kévin Marchand
2186,Mark Rutherford
2187,Falko Poiker
2188,Jude Bond
2189,Linus Josephson
2190,Wes Reinhart
2191,Nathaniel Lamartina
2192,Paul Jones
2193,David Houston
2194,Lee Kaburis
2195,David Lam
2196,Li Ling
2197,Ayan Banerjee
2198,Aaron Hall
2199,Elroy Aarts
2200,Selma Berkani
2201,Andrew Buresh
2202,James Goode
2203,Stephen Iannetta
2204,Robert Kihl
2205,Alec Antrim
2206,Mark Lampert
2207,Jessica Masnica
2208,Jay Biondo
2209,Greg Dismond
2210,Aaron McHardy
2211,Stéphane Bachelet
2212,Deborah Crook
2213,Ernesto Becerra
2214,Hiroki Sakai
2215,Jessica Hara Campbell
2216,Steve Crowhurst
2217,Hirotaka Mizuno
2218,Ola Strandh
2219,Claude Comeau
2220,Alexander Whyte
2221,Corey Kleim
2222,Émile Morel
2223,Matthew McCulloch
2224,Kieran D'Archambaud
2225,William Mills
2226,Mike Wang
2227,Kentaro Noguchi
2228,Elie Benhamou
2229,Benoît Perreault
2230,Ed Lynch
2231,Paul Richards
2232,Jesse A. Hibbs
2233,Raphaël Parent
2234,John Crysdale
2235,Róbert Nagy
2236,Émile Liang
2237,László Magyar
2238,Gustaf Grefberg
2239,Mattias Rousk
2240,Bruce Swanson
2241,Brian Pamintuan
2242,Loïc Fayel
2243,Jack Henry Burrows
2244,Benoît Clerc
2245,Benoit Boucher
2246,MingGang Deng
2247,Baolong Zhang
2248,Alistair Hope
2249,Andrew Routledge
2250,Peter Nicholson
2251,Santiago Jaramillo
2252,Mark Lord
2253,Cole Gray
2254,Blake Rebouche
2255,Zeljko Strkalj
2256,Dan Smith
2257,Matthew Rubin
2258,Hidetaka Miyazaki
2259,Shoichi Hirakawa
2260,Timothy Callaway
2261,Andrei Dan Vasile
2262,Lionel Billault
2263,Isao Negishi
2264,Dan Liebgold
2265,Gianluca Barbera
2266,Romaric Rivallin
2267,Erick Boenisch
2268,Charles Griffiths
2269,Tsubasa Saimen
2270,Adam Dobzinski
2271,Joel MacMillan
2272,Yukio Koshiba
2273,Mari Shimazaki
2274,Stevan Hird
2275,Glenn Fiedler
2276,Nick Caplinger
2277,Shanker Sharma
2278,Marcin Przybyłowicz
2279,Karl Leino
2280,Kris Pope
2281,Viviana Caro
2282,Patrik Görling
2283,Lucas Roussel
2284,Adnan Olmez
2285,Alex Zucca
2286,Jiesang Song
2287,Steve Allen
2288,Kevin Perry
2289,Yumi Yang
2290,Mike Hoffman
2291,Anton Woldhek
2292,Samantha Miceli
2293,Alex Spyropoulos
2294,Emma Mellander
2295,Bill Campbell
2296,Anthony Page
2297,Alex Perkins
2298,Marc-Antoine Argenton
2299,Philippe Ducharme
2300,Suddi Raval
2301,Mark Seibert
2302,Marc König
2303,Julien Proux
2304,Joe Henke
2305,Mao Hikichi
2306,Emily Scrivner-Taylor
2307,Stephen Superville
2308,Christophe Thibaut
2309,Sarah St. Pier
2310,James Mouat
2311,Sean A. Duffy
2312,Michael Baytion
2313,Nicola Daly
2314,Marcus R. Brown
2315,Alex Ortiz
2316,Satoru Takenouchi
2317,Dan Attwell
2318,Virgil Tanasa
2319,Manuel Saua Llanes
2320,Gregory Brant
2321,Simon Vieira
2322,Ambre Lizurey
2323,Gus Romero
2324,David Giles
2325,Felix Rivero
2326,Horia Dociu
2327,Gilles Camous
2328,Romain Vazeille
2329,Brad Derrick
2330,Whitney Wade
2331,Joseph Levesque
2332,Ronan Rouxel，Robin Armstrong
2333,Gwen Dalmacio
2334,Vivian Rocray
2335,Chip Sbrogna
2336,Jonathan Heckley
2337,Éric Bellefeuille
2338,Vincent DeVera
2339,Agnès Roche
2340,Ryosuke Fukuda
2341,Darren Gyles
2342,Greg Beauchesne
2343,Robert Row
2344,Michael Bermann
2345,Ashraf Ismail
2346,Charles Hilseberg IV
2347,Scott Alexander
2348,Josselin François
2349,Andreas Öjerfors
2350,Philip Gresley
2351,Joshua Grass
2352,Raphaël Colantonio
2353,Ryan Benno
2354,Lisa Gasior
2355,Tomoko Odashima
2356,Brandon Cauthers
2357,Emmanuelle Charles
2358,Matt Wilkinson
2359,Andrew Maximov
2360,Julian F. O. Strzoda
2361,Terrence Yee
2362,Magnus Auvinen
2363,David McMullen
2364,Nancy Paulin
2365,Michael How
2366,Matthew Sophos
2367,Chris Dalton
2368,Bartosz Kulon
2369,Salil Harchekar
2370,Laure Retif
2371,Cyril Saint Girons
2372,Penelope D
2373,César Martínez Álvaro
2374,Nicolas Oroc
2375,Ben Potton
2376,Sébastien David
2377,Timothy Welch
2378,Jonas Lundqvist
2379,Jeff Carmon
2380,Paul Abbott
2381,Grégorie Diaconu
2382,Brian Tuey
2383,Dan Forden
2384,Jeremy Pardon
2385,Emanuel Ederyd-Forsblom
2386,Ali Alexander Hassoon
2387,Rory Shafto
2388,Lars Magnus Fylke
2389,Chris M. Mead
2390,Ben Wolland
2391,Danny Durio
2392,Jason Lacroix
2393,Yuya Kimijima
2394,Simon Carter
2395,Alyssa Tan
2396,Matt Underwood
2397,Boian Spasov
2398,Nathan Blais
2399,Jerrold Brown
2400,James Griffiths
2401,Yuka Kitamura
2402,David Nicholls
2403,Joshua Smith
2404,Jay Iwahashi
2405,Kaikō Arima
2406,Anthony Prescesky
2407,David Noonan
2408,Raymond Yeomans
2409,Uriel Doyon
2410,SangHun Kim
2411,Małgorzata Mitręga
2412,Tim Jones
2413,Katie Ellwood
2414,Jeremy Kendall
2415,Ivan-Assen Ivanov
2416,Jun Ito
2417,Phil Duncan
2418,Istvan Pely
2419,Olivier Fleurant
2420,Juan Vicente Ramirez Garcia
2421,Jeffrey Sheen
2422,Jonathan Morin
2423,James Marsden
2424,Liko-Paul Pinsonnault
2425,Kam Marie Zambel
2426,Loong-Wei Ding
2427,Ian Miller
2428,Jordan Peterson
2429,Christian McLeod
2430,Yi Biao Zheng
2431,Stefan Vukanovic
2432,Teppei Kobayashi
2433,Brian Freyermuth
2434,Royne Borrud
2435,Charles Williams
2436,Nathan Cameron
2437,Toby Everett
2438,Patrick Pligersdorffer
2439,Tim van der Heijden
2440,Joe Laurino
2441,Najib Ridouane
2442,Yusuke Tokita
2443,Sergio Sykes
2444,Kota Fukasawa
2445,Peter C. Maurice
2446,Thomas Russell
2447,Daiki Hoshina
2448,Amy Hennig
2449,Jeff Shaw
2450,Arturo Caballero
2451,Tim Moss
2452,Phil Lewin
2453,Tsutomu Kawade
2454,Philip Gelatt
2455,Clément Duquesne
2456,Eric Tong
2457,Hideyuki Kasuga
2458,Tsuyoshi Okugawa
2459,Matthew Marteinsson
2460,Alexandre Assier
2461,Jennie Gritton
2462,Scott Mercer
2463,Marvin Clifford
2464,Anton Yudintsev
2465,Leigh Beach
2466,Jun Fukuda
2467,Peter Samuels
2468,Emerson Oaks
2469,Chris Wynn
2470,Grant Wilson
2471,Mark Roberts
2472,Sébastien Comte
2473,Stephen T. Wong
2474,Halleck Cui
2475,Bryce Doig
2476,Hideki Ohashi
2477,François Mahieu
2478,Carlos Guerrero
2479,Jason R. Keith
2480,Henri Haimakainen
2481,Grétar Hannesson
2482,Lloyd Burr
2483,Almir Listo
2484,Philippe-Antoine Ménard
2485,Kakunoshin Atsumi
2486,Kyle Lai-Fatt
2487,Patrick Enfedaque Girard
2488,Jason Alejandre
2489,Christian Diaz
2490,Steve Labrecque
2491,Hugo Desmeules
2492,Michael Sharpe
2493,Yuji Horii
2494,Verónica Rubio Diarte
2495,Tom Whittaker
2496,Angelo Orlando Cafazzo
2497,Erin Daly
2498,Darren Bridges
2499,Jeremy Welch
2500,Joe Madureira
2501,Brandon Russell
2502,Armağan Yavuz
2503,Antti Isosomppi
2504,Kevin O'Neil
2505,Steve Holt
2506,Yoann Bazoge
2507,Feargus Carroll
2508,Anthony Caruso
2509,Alexander Barrentine
2510,Jeremy Kinz
2511,Iain Sharkey
2512,Bob Andrews
2513,David Pacanowsky
2514,Michael Hatfield
2515,Edvard Sandberg
2516,Yuichi Yonemori
2517,Scott Shepherd
2518,Cameron Suey
2519,Brian Brockett
2520,Paul Daley
2521,Jin Jang
2522,Andrew Stewart
2523,Keisuke Tanaka
2524,Fabrice Condominas
2525,Manuel Bachet
2526,Michael Bailey
2527,Mark Bradshaw
2528,Futoshi Matsushita
2529,William Shen
2530,Chad Armstrong
2531,Jerk Gustafsson
2532,Noah Hughes
2533,Andreas Morell
2534,Jon Burton
2535,Julie Marchiori
2536,David Zdyrko
2537,Moreno Bralts
2538,Lars Gustavsson
2539,Paweł Błaszczak
2540,David Radford
2541,Alkis Argyriadis
2542,Étienne Aubert
2543,Laurent Delayen
2544,Yoshitaka Amano
2545,Stephen Douglass
2546,Chris Dodd
2547,Nick Southam
2548,Martin Wöhrer
2549,Daniel Ljunggren
2550,NO
2551,Shahbaaz Shah
2552,Triston Attridge
2553,Philip Bloom
2554,Chris Zimmerman
2555,Stéfano Collavini
2556,Joel Thompson
2557,Filipe Felgueiras
2558,Kazunori Yamauchi
2559,Fredrik Zaar
2560,Erin Piepergerdes
2561,Antoine Villepreux
2562,Tai Yasue
2563,Craig McLeod
2564,Rob Myall
2565,Luke Hodgkinson
2566,Matthias Worch
2567,Antoine Dalibard
2568,Michael Stagnitta
2569,Ryan Ridout
2570,Johanny Clerc-Renaud
2571,Tomonori Takano
2572,Björn Sundell
2573,Aurélie Le Chevalier
2574,Damian Hibbard
2575,Yoshikazu Takahashi
2576,Jerk Gustafsson，Lars Johansson
2577,Dom Drozdz
2578,Michael Day
2579,Shinya Ikuta
2580,Phil Hooker
2581,Stefano Prosperi
2582,Trevor Grimshaw
2583,Chiho Matsubara
2584,Michael Grattan
2585,Ayaka Ogawa
2586,Pierre-Luc Carrier
2587,Lucas Keyes
2588,Seth Friedman
2589,Fumiaki Fukaya
2590,Christopher Conway
2591,James Cobb
2592,Jason Stewart
2593,Raul Cabrales
2594,Nino Sapina
2595,Yuki Yamashina
2596,Jeff Wajcs
2597,Barry Genova
2598,Chris Erickson
2599,Simon Everett
2600,Andrea Zanini
2601,Pierre-Yves Savard
2602,Sébastien Debourg
2603,Yukako Abe
2604,Ling Lo
2605,David Gabriel
2606,Travis Currit
2607,Clayton Vaught
2608,Game Credits
2609,Neil Richards
2610,Pierre Bracconi
2611,Theo Guignard
2612,David Hansson
2613,Frédéric Blais
2614,Scott Kohn
2615,Patrick Melanson
2616,Kiyotaka Akaza
2617,Jose Alfaro
2618,Zach Demas
2619,Dominic Parker
2620,Mark Darrah
2621,David Connell
2622,Keita Takeuchi
2623,Steve McCrea
2624,Alastair Dukes
2625,Leon Somi
2626,Jeff Curley
2627,Nicholas Eberle
2628,Tetsuo Hannya
2629,Matthew Barnard
2630,Stephen Miller
2631,Nicolas Barbeau
2632,John‑Vincent Bulahan
2633,Sylvain Casanas
2634,David Yates
2635,Darryl Gates
2636,Hideomi Chino
2637,有问题再议
2638,James Lay
2639,Nikos Asfis
2640,John Lomax
2641,Philippe Vallet
2642,Christophe Villez
2643,Julie Tousignant
2644,Romuald Testier
2645,Sean Sullivan
2646,Nitin Shingare
2647,Axel Torvenius
2648,Jennifer Kolbe
2649,Arthur Flew
2650,Harvey Smith
2651,Adrian Sikora
2652,Scot Amos
2653,John Geraci
2654,Thomas Frey
2655,Anthony Gregson
2656,Andreas Tykoson
2657,Łukasz Tkacz
2658,Justin Joyner
2659,Robert Holmes
2660,Andrew Wright
2661,Nick Rodgers
2662,Andrew R. Gillis
2663,Danial Rashidi
2664,Rui Kawada
2665,Dave Andsager
2666,Paolo Bertoni
2667,Guillaume Brunier
2668,Jiro Taoka
2669,Jiahua Wei
2670,Alexandre Breault
2671,Remco de Rooij
2672,Michael Hampden
2673,Eric Kozlowsky
2674,Charlie Hodara
2675,Scott Burfitt
2676,Manuel Mendiluce Gil de Sagredo
2677,Colin Pyle
2678,Andrew Holt
2679,Kenjiro Iwase
2680,Yoann Guilloud
2681,John Palamarchuk
2682,Clint Brewer
2683,Andrew Greensmith
2684,Łukasz Zdunowski
2685,Nathanael Broach
2686,Lauren Stone
2687,Robert Pardo
2688,Shaun Escayg
2689,Jason Alexander
2690,Pierre-Vincent Bélisle
2691,Samuel Black
2692,Raúl Rubio Munárriz
2693,Cédric Potard
2694,Jacob Minkoff
2695,László Blaskovics
2696,Anders Holmquist
2697,Jason McCord
2698,Ben Dixon
2699,Andrew Fei
2700,Claudiu Körösy
2701,Greg Palstra
2702,Bryan Enriquez
2703,Yoshiki Sandō
2704,Toby Franklin
2705,Yann Sylvestre
2706,Chris Delay
2707,Orion Walker
2708,Rhys Jones
2709,Scotty Brown
2710,Stéphane Assadourian
2711,Matthew Titelbaum
2712,Nicholas Raynor
2713,Patrick Plourde
2714,Jackie Perez Gratz
2715,Pavel Dorokhovsky
2716,Andy Younger
2717,Daizaburo Nakamura
2718,Stuart Allardes
2719,Bisser Dyankov
2720,Johan Fläckman
2721,Samuel Goldberg
2722,Andy Kim
2723,Pierre-Arnaud Lambert
2724,Molly Maloney
2725,Takuji Kawano
2726,Cort Keefer
2727,Christian Holmqvist
2728,Michael Kalas
2729,Carola Berens
2730,Kevin Neilson
2731,Dave Roberts
2732,Jakob Ericsson
2733,Pascal Bélanger
2734,Elin Holmberg
2735,Jessica Maher
2736,Vyacheslav Aristov
2737,Michael Gamble
2738,Jean-François Fortin
2739,Cécile Parigot
2740,Ashley A. Morgan
2741,Brad Fish
2742,Jason Regier
2743,John Stafford
2744,Sophie Legrand
2745,Tor Frick
2746,Kevin Kauffman
2747,Asif Chaudhri
2748,James Kneuper II
2749,Gloria Garland
2750,Carl Muckenhoupt
2751,Masahiro Okuno
2752,Jeremiah Zanin
2753,Tsuyoshi Inada
2754,Stephen A. Scott
2755,Andreas Renström
2756,Hideyuki Miyashita
2757,Jean-François Couture
2758,William Rossiter
2759,Sidonie Weber
2760,Jesse Hopkins
2761,Yuta Noguchi
2762,Michael Radnitz
2763,Yann Le Guyader
2764,Graham Southern
2765,Brian Lee
2766,Christian Schneider
2767,Henrik Fegraeus
2768,Gordon Read
2769,Jeff Ehrman
2770,Tomohiro Nakano
2771,Susan Luo
2772,Thomas Peter Paul
2773,Masanori Komine
2774,David Avi Mendelsohn
2775,Justin Richmond
2776,Jeff Feligno
2777,Brian Westergaard
2778,Eric Baldwin
2779,Bo Liang
2780,Robert Kauker
2781,James Jacoby
2782,Mark Jasper
2783,Martin Konopa
2784,Tatham Johnson
2785,Christian Cantamessa
2786,John Bigorgne
2787,Loïc Barrier
2788,Dale Peterson
2789,Almudena Soria Sancho
2790,Ragnar Scheuermann
2791,Kengo Sasaoka
2792,Oskar Thuresson
2793,Gabor Soos
2794,Douglas Walker
2795,Eric Vervaet
2796,Yusuke Hayashi
2797,François Perrin
2798,Boris Kazanskii
2799,Juan Fernández de Simón Pérez
2800,Geoffrey Bickford Smith
2801,Steve Madureira
2802,David Riewald
2803,Lucas Myers
2804,Thomas O'Connor
2805,Peter Kachtik
2806,Glenn Powell
2807,Alex Green
2808,Jonas Mauritzsson
2809,Cătălin-Teodor Dogaru
2810,Yusuke Motoie
2811,Anthony Lundquist
2812,Kazunori Morita
2813,Joe Khoury
2814,Brent McLeod
2815,Ian Bailey
2816,Phy Williams
2817,Xinwei Kong
2818,Max Chapman
2819,Markus Buretorp
2820,Ellyce Eddy
2821,Edward Tam
2822,Jonathan Shaw
2823,Lorenzo Salvadori
2824,Alexander Crowhurst
2825,Steve Austin
2826,Laura Gallagher
2827,Shuyou Murata
2828,Sean Smith
2829,Henrik Larsson
2830,Grégory Garcia
2831,Rémi Blanc
2832,Patrick Bellanca
2833,Nicolas Pomi
2834,Sam Halliday
2835,Thomas Heaton
2836,Alessandro Colombo
2837,Frank Tzeng
2838,Cesar Stastny
2839,Masafumi Miyake
2840,David Cubberly
2841,Dávid Jankes
2842,Yasuhiro Seto
2843,Kevin Middelbos
2844,John Wikberg
2845,Thomas Litton
2846,Patrick Algermissen
2847,Elise Baldwin
2848,Jeff Weir
2849,Fabio Casale
2850,Olivier Girard
2851,Micha Noordegraaf
2852,Aleksander Svendsen Grøndal
2853,Sébastien Labbé
2854,Fredrik Malmqvist
2855,Harlan Young
2856,Julien Laferrière
2857,Rob Hewson
2858,Michal Janáček
2859,Alex Constantinescu
2860,Sarah Schachner
2861,Richard Jayne
2862,Ryan Medeiros
2863,Misa Yasui
2864,Benjamin Jaekle
2865,Michael Mika Sr.
2866,Ryo Yoshii
2867,Daniel Gagné
2868,Tetsuichiro Kitagawa
2869,Ryan Bednar
2870,Cheri White
2871,Chris Gardner
2872,Yoshikazu Miyake
2873,Masashi Shimizu
2874,Waylon Winn
2875,Clive Lindop
2876,Germain Gény
2877,Koji Hamada
2878,Franklin Cho
2879,Mitsutoshi Gondai
2880,Adam Pawlowski
2881,Brad Prince
2882,Diego Merayo
2883,Rob Dion
2884,Angela Browder
2885,Bruce Nesmith
2886,Scott Murphy
2887,Rong Qiang Shou
2888,Jason Kanter
2889,Stéphane Jankowski
2890,Yannick Bertelli
2891,Antti Lehto
2892,Sébastien Puel
2893,Hiroshi Yoshida
2894,Emmanuel Astier
2895,Marine Desmolin
2896,Yann Valère
2897,Aaron Andrews
2898,Rodrigo Lengning
2899,Veerendra Deshpande
2900,Yoshiaki Yamaguchi
2901,Joshua Muise
2902,Hitoshi Ishida
2903,David Hong
2904,Abhishek Porwal
2905,Minkz Ngo
2906,Percy Fuentes
2907,Michael Hirst
2908,Serge Doré
2909,Carl Leduc-Benoit
2910,Brandon Fernández
2911,Tsuyoshi Fukutomi
2912,Marc Apablaza
2913,Gregory Felber
2914,Yan Wei Wu
2915,Jared Carr
2916,Kazunori Tazaki
2917,Richard Bates
2918,Nathan Grigg
2919,Luke Botham
2920,Roland Lesterlin
2921,Giuseppe Longo
2922,Nathan Edson
2923,Evan Harsha
2924,Antoine Florysiak
2925,Thomas Chase
2926,Naoyuki Takahashi
2927,Youichirou Shimada
2928,Phil Wilkins
2929,Carl-Magnus Nordin
2930,Aleissia Laidacker
2931,Kiyotaka Satoh
2932,Simon Barlow
2933,Brian Bell
2934,Nobuaki Komoto
2935,Eric Tams
2936,Andrew Fradley
2937,Mustafa Ozturk
2938,Morgan Green
2939,Simon Lashley
2940,Ryo Kamada
2941,Adriaan De Ruyter
2942,Svetoslav Genchev
2943,Mårten Stormdal
2944,Gustav Rathsman
2945,Tracey Bulliung
2946,Mark Gorski
2947,Alex Hoffman
2948,Jessica Wikander
2949,Brian Manson
2950,Andrew Gargus
2951,Julien Lamoureux
2952,Mickael Penichon
2953,Jonathan Fairchild
2954,Jared Rudiak
2955,John Dye
2956,Olivier Sauvageau
2957,Igor Maslov
2958,Alex Toader
2959,Itaru Yokoyama
2960,Roger Kort
2961,Lu Yin
2962,Naoki Ito
2963,Jordan Mellow
2964,Hideki Shibuya
2965,Eric Boltjes
2966,Andrew Spinks
2967,Neale Williams
2968,John Fitzgibbons
2969,Mathias Grünwaldt
2970,Scott Hammack
2971,Jack Bowyer
2972,Nicolas Brunoni
2973,Willem B. van der Merwe
2974,Jiang Mei Xiang
2975,Andrew Lee
2976,Yusaku Sanami
2977,Victor Durling
2978,Boyan Ivanov
2979,David Wooldridge
2980,Scott Hofmann
2981,Judy Crites
2982,name
2983,Berendine Venemans
2984,Marc Hudgins
2985,Connor Potts
2986,Mathew Prior
2987,Olivier Palmieri
2988,Raul Figueroa Cruz
2989,Michael Duke
2990,Derek Lewis
2991,Philip Sheppard
2992,Makoto Nagai
2993,Gilliard Lopes
2994,Sei Sato
2995,Jacob Solomon
2996,Swapnil Paigude
2997,Andrew Semple
2998,Kefei Lei
2999,Neil Griffiths
3000,Cem Çimenbiçer
3001,Konrad Zagórowicz
3002,Souichirou Tominaga
3003,Warren Lancashire
3004,Ivan Daniele Casaril
3005,Youssef Trad
3006,Serge Meirinho
3007,Sam Gage
3008,Andrew Frost
3009,Mark Engley
3010,Christopher Black
3011,Haris Orkin
3012,Keiji Kawamori
3013,Martin Schelling
3014,Yvan Poeymirou
3015,Paul Coleman
3016,Jonathan Adamczewski
3017,Henrik Jonsson
3018,Jonathan Davies
3019,Petros Mizamidis
3020,Tassilo Egloffstein
3021,Gaz Thomas
3022,Owen Shepherd
3023,Peter Demoreuille
3024,Jonne Valtonen
3025,David Adams
3026,Steve Ince
3027,Sudipto Chatterjee
3028,id
3029,Jesse Stern
3030,Krzysztof Krzyścin
3031,Hideo Kojima
3032,Fabien Jean-Claude
3033,Karl Jazwinski
3034,Anton Crnkovic
3035,Jordan Woodward
3036,Jack Harmon
3037,Matt Johnson
3038,Skye Chandler
3039,Brandyn Davis
3040,Takuya Ogura
3041,Teruki Endo
3042,Liu Li
3043,Shane Liesegang
3044,Tyler Perry
3045,Yuichirō Tanaka
3046,Hiroshi Ito
3047,Ray Gresko
3048,Austin Wintory
3049,Caio Ribeiro Decoussau
3050,Keita Shibahara
3051,Jim Conrad
3052,Fabrice Odero
3053,Abelardo Polonio Cejudo
3054,Erman Dumlu
3055,Ciprian Laza
3056,Saori Kubo
3057,Makoto Fukui
3058,Andre Beardsley-Dusette
3059,Michael Norris
3060,Stephen Edwards
3061,Marvin A. Donald
3062,Mark Trumbull
3063,Haig-James Toutikian
3064,Cathleen Rootsaert
3065,Aman Tohan
3066,Laresa Neufeld
3067,Bence Pajor
3068,Ivan Morozov
3069,Derek Johnson
3070,Thomas Kronenberg
3071,Olle Rosenquist
3072,Yuri Deary
3073,Sarah Cook
3074,Cho‑Yan Wong
3075,Owen Ballhatchet
3076,Brian Fleming
3077,Colin O'Connor
3078,Joseph Cross
3079,Shigenori Soejima
3080,Colin Poulter
3081,Brook Miles
3082,Homan Sanaie
3083,Ibrahima Diop
3084,Frédéric Robichaud
3085,Danilo González Arce
3086,Mohammed Bakhsh
3087,Craig Allen
3088,Julien Renoux
3089,Joel Padrino
3090,Kazuaki Yokozawa
3091,Richard Greer
3092,Robert Heald
3093,Arthur Parsons
3094,Ryan Goldsberry
3095,Grant Campbell
3096,Nermin Muric
3097,Daniel Ionescu
3098,Matthew Segur
3099,John Anderson
3100,Eric Barrios
3101,Thomas Miller IV
3102,Makoto Sato
3103,Rajeev Nattam
3104,Mikołaj Stroiński
3105,Oles Shishkovtsov
3106,Wasim Khan
3107,Scott Taylor
3108,Audric Guérin
3109,Amrit Malhi
3110,Michal Macák
3111,Raman Grewal
3112,Kevin Guillemette
3113,Atsuko Fujitani
3114,Michael Heiberg
3115,Craig Stuart Leigh
3116,Chris Heidorn
3117,Simon Ward
3118,Matthew Pickering
3119,Ryouhei Fujieda
3120,Yu Gu
3121,William Lee
3122,Scott Franke
3123,Emanuele Paolo Mari
3124,Zachary Adams
3125,Jur Kampman
3126,Kacper Kwiatkowski
3127,John William Crossland
3128,Aya Nagara
3129,Patrick Fortier
3130,Nicholas Lee
3131,Atsushi Ota
3132,Craig Conner
3133,Jonathan Pilon
3134,Matthew Longest
3135,Kentaro Nihei
3136,Jesse Blake
3137,Joss Ellis
3138,Martin Wickham
3139,Moritz Hammer
3140,François Duminy
3141,Damien Laurent
3142,David Skyfall
3143,Tommy Turner
3144,Jacob Krarup
3145,Aaron Carter
3146,Aaron Bouthillier
3147,Kirsty Rigden
3148,Yuki Hirata
3149,Jacques Frégault
3150,Chi Chun Ng
3151,Barbara De Luca
3152,Shuai Liu
3153,Kevin King
3154,Tetsuji Uchida
3155,Philip Eriksson
3156,Clark Davies
3157,Francois-Xavier Bilodeau
3158,Stefan Strandberg
3159,Stéphane Cardin
3160,Ethan Li
3161,Matt Conway
3162,Frank Cifaldi
3163,Peter Olofsson Hermanrud
3164,Jean-François Dufort
3165,Korechika Tachibana
3166,Shane Coffin
3167,Duncan Grimshaw
3168,Mark Nauta
3169,Sophie Goldstein
3170,Philip Draven
3171,Tom Barlow
3172,William Petras
3173,Mari Fujita
3174,Jason McDonald
3175,Guy Carver
3176,Beau Lamb
3177,Phil Brown
3178,Trevor Storey
3179,Kevin Forbes
3180,Kyle Peschel
3181,Ashley Cheng
3182,Javier Pérez Gómez
3183,George Giannakos
3184,Kota Suzuki
3185,Masafumi Takano
3186,Bradley D. Meyer (Rev. Dr.)
3187,Production
3188,Ryan McNeill
3189,Jason Jackson
3190,Marc Schaefgen
3191,Iain Brown
3192,Chris Butcher
3193,Ingrid Baciu
3194,Mark Shaw
3195,Simon Hermitage
3196,Vishal Deokar
3197,Grant Duncan
3198,Daniel Nuttall
3199,Coddy Levi
3200,Hugo Giard
3201,David Gagnerot
3202,Hideshi Kyonen
3203,Jonas Hultén
3204,Karin Weekes
3205,Glen Miner
3206,Makoto Yoshida
3207,Simone Trevisiol
3208,Kevin Craft
3209,Tomokazu Matsumaru
3210,Jared Greiner
3211,Vladimir Angelov Pachev
3212,Tam Armstrong
3213,Yoshizumi Hori
3214,Eli Robles
3215,Peter Ellacott
3216,Jérôme Britneff-Bondy
3217,Zhe Peng
3218,Leo Martinez
3219,Darren Kirby
3220,Stelian Nicolae
3221,Viktor Blanke
3222,Naohiro Taniguchi
3223,Elizabeth Cho
3224,Colin Stephens
3225,Richard Pau
3226,Shinsuke Komaki
3227,Wes Potter
3228,Benjamin Tayler
3229,Eiichi Nakajima
3230,Sandeep Shekar
3231,Michael Donnell
3232,Brooks Butler
3233,Bruno Velazquez
3234,Finn Brice
3235,Mitsugu Makino
3236,Johann Gerell
3237,Jean‑Baptiste Ferder
3238,Stephen Quirk
3239,Paul Narducci
3240,Reza Aghaee
3241,Cory Billett
3242,Peter Kasim
3243,Desislava Paunova
3244,Roland Hougs
3245,Federico Rahal
3246,Michelle Wu
3247,Craig Houston
3248,Yuki Fukuda
3249,Shion Nakajima
3250,Alan McDairmant
3251,James Brian Jones
3252,Laurent Hogue
3253,Joseph Spataro
3254,Adam Tiller
3255,Ingmar Clarysse
3256,Alex Godsill
3257,Andrew V. Boyd
3258,Eric Wrobel
3259,Jan Theysen
3260,Nicholas Duveau
3261,Scott McGregor
3262,Lee Sparks
3263,Ninnin
3264,Jose David Cifuentes Ulloa
3265,Russell Peltz
3266,Ashoke Datta-Chaudhuri
3267,Tom Ivey
3268,Geoffrey Köhler
3269,Yukie Takizawa
3270,Bryen Hensley
3271,Prasanna Jeganathan
3272,Jon Greenberg
3273,Bachir Françis
3274,Irvin Zonca
3275,Michael de Belle
3276,Tom Garden
3277,Tom Sanocki
3278,Mattias Köhlmark
3279,Colin Alteveer
3280,Romain Rimokh
3281,Yukio Nishimura
3282,Josh Jersild
3283,没有数据
3284,Adam Gershowitz
3285,Haydn Dalton
3286,Tobias Möllstam
3287,Christoph Kucher
3288,Simon Tovey
3289,Paul Lackey
3290,Dylan Loney
3291,Kevin Sardà Pérez
3292,Bryan Austin
3293,Niklas Fegraeus
3294,Hien Nguyen
3295,Takeyuki Kitazaki
3296,Stefan Jewinski
3297,Kevin Longair
3298,Christopher Payton
3299,Giacomo Zanghi
3300,David L'Heureux
3301,David Ramirez Chaverri
3302,Andrew Sites
3303,Randolph Rivas
3304,Liz M.E. Chung
3305,Yumiko Yamada
3306,David Sedlacek
3307,Adam Doherty
3308,Nathan Bamberger
3309,Matthew M. Goldman
3310,Jitaik Lim
3311,Mikko Finneman
3312,Michael Sinterniklaas
3313,Ryan Baker
3314,Abraham Navarro
3315,Erwin Tang
3316,Matthew York
3317,James McLoughlin
3318,Oliver De‑Vine
3319,Phillip Dennison
3320,David Jones
3321,Noirin Carmody
3322,Tobias Carlsson
3323,Brent Thomas
3324,Alexander Savchovsky
3325,Ryan Michael Vaughan
3326,Dustin Smith
3327,Brian Allanson
3328,Sarrah El-Meddeb
3329,Nathan Sisler
3330,Brian Deppiesse
3331,James Cunliffe
3332,G. Kelly Toyama
3333,all others not good
3334,Julien Chevalier
3335,Erik O'Keady
3336,Charles McNair
3337,Vlad Beu
3338,Steven Dumont
3339,Eric Beyhl
3340,Ozan Gümü
3341,Francesco Sternativo
3342,Shinobu Kiriyama
3343,Anthony Le Du
3344,Shinji Mikami
3345,Jason Stansell
3346,Tate Mosesian
3347,Ranulf Busby
3348,Kazuhiro Shouji
3349,Phu T. Giang
3350,Audio
3351,Sébastien Michel
3352,John Carter
3353,Sergei Karmalsky
3354,Clint Jorgenson
3355,Glenn Brace
3356,Ryan M. James
3357,Adrian-Ciprian Popa
3358,Peter Gomer
3359,Charles Brungardt
3360,Caroline Bitterly
3361,Mattias Thell
3362,Alexander Bradshaw
3363,Jeffrey Wesevich
3364,Tyler Bronis
3365,Christian Gyrling
3366,Diego Mariño
3367,Jamie Eden
3368,Mike Laidlaw
3369,Gavin Costello
3370,Vincent Marxen
3371,Naoko Horie
3372,Nathan Lutsock
3373,Jason Souza
3374,Vasyl Tsvirkunov
3375,Erol Kentli
3376,Teresa Bailie
3377,Josh Coyne
3378,Leslie Balfour
3379,Stephen Yuen
3380,Justin Andrews
3381,Jonas D
3382,Brian Frank
3383,Simon Jones
3384,Michel Ancel
3385,Carlos Arancibia
3386,Bradley Marques
3387,Yoshiki Kashitani
3388,Mark Darin
3389,Hugues Giboire
3390,Nick Bedford
3391,Péter Nagy
3392,Carlos Apablaza
3393,Chris Goff
3394,Simon Parkes
3395,Lindsay Yeats
3396,Neil Sproston
3397,Miki Kimura
3398,Taichi Shimizu
3399,Mohsin Hasan
3400,Steve Meister
3401,Philippe Duparque
3402,Yiğit Savtur
3403,Martin Montgomery
3404,Masafumi Takada
3405,Ciaran Daly
3406,James Nicholson
3407,Col Rodgers
3408,Rob Donovan
3409,Jean-François Morier
3410,Kazuyo Murakami
3411,Andy Cunningham
3412,Oliver Wood
3413,Daisuke Sase
3414,Christian Thuresson
3415,Benny Oschmann
3416,Dan Tanguay
3417,Petter Mannerfelt
3418,Andrew D. Nguyen
3419,Richard Osborne
3420,Tommaso Mercantini
3421,Tomonori Kinoshita
3422,Dave Wollen
3423,Ryan Rosanky
3424,Paul Balon
3425,LeRoy Strauss
3426,Matt Nava
3427,Daniel Bunting
3428,Christophe Héral
3429,Steve Timson
3430,Michael Aigner
3431,Alan Costa
3432,Antoine Le Clainche
3433,John Edwards
3434,Hani Abu-Ghazaleh
3435,Karl Dubois
3436,Ken Thain
3437,Phillip A. Kovats
3438,Jeff Preshing
3439,Sonoyama
3440,Yuji Hagiyama
3441,Kosuke Mizukami
3442,Matthew Carofano
3443,Fredrik Svantesson
3444,Phillip Woods
3445,Tymon Smektała
3446,Ryan Seto
3447,Christopher Perna
3448,Nick Shooter
3449,Keith Kaisershot
3450,Bruce Straley
3451,Nicholas Beetlestone
3452,Simon Viklund
3453,Ricky Zhang
3454,Masato Kimura
3455,Thierry Dansereau
3456,Ian Milham
3457,Jan Bartkowicz
3458,Tom Degener
3459,Scott Kirkland
3460,Mark Horsley
3461,Dewi Roberts
3462,Justin Nesbit
3463,Ivan Bartulac
3464,Christophe Derennes
3465,Makoto Hasegawa
3466,Walter Huang
3467,Jeremy Bochenek
3468,Andrei Lăzărescu
3469,Dorin Bărcan
3470,Christopher Lloyd
3471,Jake Shadle
3472,Takahiro Nowatari
3473,Martin Miklica
3474,Andrew Grant
3475,Marijn Tollenaar
3476,Kouichiro Kitasako
3477,Robert Bantin
3478,Warren Price
3479,Anthony Stanley
3480,Rian Walters
3481,Valerie Binette
3482,Ludovic Balsan
3483,Jesse Hamburger
3484,Fabien Houlmann
3485,Viktor Asparuhov
3486,Jacob Kapostins
3487,Stuart McGillivray
3488,Florian Raoult
3489,Jenny Lee
3490,Sean Dudley
3491,Daniel Willför
3492,Steve Camber
3493,Katushi Miyazawa
3494,Patrik Méthé
3495,Masatoshi Kawada
3496,Akira Aono
3497,Susan Frischer
3498,Matt Puls
3499,Tsuyoshi Murakami
3500,Beau Skinner
3501,Matthew Panepinto
3502,Shuichi Ikeda
3503,Margaux Lahuppe
3504,Joel Simmons
3505,Martin Klíma
3506,Yoji Shinkawa
3507,Garret Foster
3508,Michał Hrydziuszko
3509,Ryan McFall
3510,Johan Allanson
3511,Jeffery Kwok
3512,Takeshi Sato
3513,Paul Graber
3514,Jonas De Ro
3515,Pierre-Luc Grenon
3516,Paul McComas
3517,Marc Farly
3518,John Vogel
3519,Marc-André Dufort
3520,Mizuki Nishida
3521,Kentaro Hayase
3522,Kurt Margenau
3523,Kozo Maeda
3524,Jaclyn Huchel
3525,Samuel Bernier
3526,Kazuhide Kawamura
3527,Chad Hranchak
3528,Toshihiko Tsuda
3529,Jason Garner
3530,Yuichiro Watanabe
3531,David Nisshagen
3532,Nathan Phail‑Liff
3533,Joel Friesch
3534,Simon Larouche
3535,Guillaume Pal Clauss
3536,Kekoa Lee-Creel
3537,Grant Towell
3538,Benoit Gomes
3539,Oscar Wemmert
3540,Nathan Zufelt
3541,David Elder
3542,Justin Ruddle
3543,Judith Lavoie
3544,Jeremy Sera
3545,Skylar Breen
3546,Naoshige Kamamoto
3547,Dion Rogers
3548,Martijn Wouterse
3549,Stephen Ytuarte
3550,Judah Baron
3551,Adam Fowler
3552,Geoffrey Roy
3553,Göran Syberg Falguera
3554,Henrik Edin
3555,Mattias Karlsson
3556,Arjan Bak
3557,Robert Thornley
3558,Gavin Clarke
3559,Jarosław Gwarnicki
3560,Viktor Antonov
3561,John Hall
3562,Tom Lansdale
3563,Melissa Andrews
3564,Emmanuel Aubert
3565,Rosalie Kofsky
3566,Geoff Lay
3567,Will Masek
3568,David Guillaume
3569,Jonathan T-Delorme
3570,Tim Robkins
3571,Keith Blackstone
3572,Clint Bogue
3573,Steve Gagné
3574,Paul M. Fox
3575,Wyatt Schiffer
3576,Lucas Wendler
3577,Satoshi Ubukata
3578,Takashi Ueshima
3579,Nicholas Rathbone
3580,Gareth Noyce
3581,Andy Bray
3582,Ryan M. Lastimosa
3583,Gael Magnan de Bornier
3584,Jeremy Lo
3585,Joel Taubel
3586,James Cooper
3587,Kris Taeleman
3588,Mark Bryant
3589,Haydxn Gemson
3590,Adam Koby
3591,Simon Jacquart
3592,Colin Campbell
3593,Florian Salomez
3594,Noah Alzayer
3595,Patrick Cavalié
3596,Joakim Wahlström
3597,Aaron Hausmann
3598,Przemysław Marszał
3599,Peter Hartmann
3600,Martin Palmer
3601,Brandon Bray
3602,Romain Ferrand
3603,Salomé Jugan
3604,Yosuke Matsuda
3605,Berenger Fish
3606,Yoko Shimomura
3607,Tyler Hancock
3608,Mac Walters
3609,Alejo Silos Leal
3610,Lianne Cruz
3611,Arsène Grimaud
3612,Dominic Guay
3613,Mélanie Tremblay
3614,Jake Warmerdam
3615,Atsushi Okada
3616,Paul Masters
3617,Philip Straub
3618,Zaven Haroutunian
3619,Kevin Chung
3620,Evan Nikolich
3621,Daniel Neuburger
3622,Bryan Shannon
3623,Julián Andres Castillo
3624,Robert Nelson
3625,Zachary Wilson
3626,Takashi Hosonuma
3627,Shō Asano
3628,Andrew Currie
3629,Junpei Takeuchi
3630,Andy Modrovich
3631,Matthew Smith
3632,Ishan Aditya
3633,Tatsuya Kando
3634,Brett Z. Rubin
3635,Ron Davey
3636,Bach Payson
3637,Richard Gaubert
3638,Sarah Hebbler
3639,Emiko Tsuda
3640,Richard Lambert
3641,James Hargreaves
3642,Nicholas Gomersall
3643,Nicholas Fréchette
3644,Peter J. Fabiano
3645,Michael D. Csurics
3646,Jason C. Anderson
3647,Ivan Mateev
3648,Camden Taylor
3649,Maxime Bonin
3650,Michael Carpenter
3651,Anthony Krafft
3652,Robert Poerschke
3653,Duncan Walker
3654,Sarah Bergh
3655,Christophe Brusseaux
3656,Mark Edwards
3657,Salomé Strappazzon
3658,Kyle Vande Slunt
3659,Alban Wood
3660,Thibaud Guichard
3661,Pio D. Ravago III
3662,Debbie Usher
3663,Andrew Prokhorov
3664,Martin Badowsky
3665,Gunnar Cauthery
3666,Dominic Oldrey
3667,Kyoichi Murata
3668,Gaël Léger
3669,Stuart Billinghurst
3670,Dale Rogers
3671,Charles Cecil
3672,John Knottenbelt
3673,Sébastien Lavoie
3674,Joe Nelson
3675,Jason Kim
3676,Justin Holst
3677,Stephanie Morgan
3678,Reed Gonsalves
3679,Bastiaan Frank
3680,Masami Ueda
3681,Michael Chu
3682,Martin Sobek
3683,Cho-Yan Wong
3684,Dori Arazi
3685,Eric Baptizat
3686,Matt Yang
3687,Tony Bennett
3688,Aaron Packard
3689,Stig Asmussen
3690,Yoshinori Honda
3691,Gilles Cadet
3692,Mike Thompson
3693,Aimee E. Smith
3694,Robert Dickerson
3695,Frédérick Champoux
3696,Yūgo Togawa
3697,Randy Oberlerchner
3698,Richard Lloyd Cambier
3699,Tomoki Moriyama
3700,Doru Trăscău
3701,Martin Stoltz
3702,Ján Turán
3703,Graeme Richardson
3704,Richard Farrese
3705,Peter Ingebretson
3706,Graham Goring
3707,Alexander Pavlenko
3708,Leland Scali
3709,Guilherme Ramos
3710,Lawrence Vargas
3711,Richard Beresh
3712,Ayasa Naito
3713,Yoshinao Yamagishi
3714,Alessandro Piva
3715,Willie Eide
3716,Andrew Boyd
3717,Yoni Rabinowitz
3718,Laurens Simonis
3719,Alexandre Larouche
3720,Rob Crang
3721,Jason Jones
3722,Bruce Oberg
3723,Michael Stradley
3724,Asger Kristiansen
3725,Ryan Doyle
3726,Georgy Louis
3727,Nathanael Deslances
3728,Kota Hoshino
3729,Benjamin Allen
3730,Melvin Post
3731,Lucas Van Tol
3732,Andrew Stein
3733,Jeffery Gardiner
3734,Dominic Butler
3735,Sakib Sakia
3736,Antoine Vimal du Monteil
3737,Maëlenn Lumineau
3738,Evan Christensen
3739,FilesTsukasa Takenaka
3740,Kjell Emanuelsson
3741,Ghislain Avrillon
3742,Jesper Larsson
3743,Jonathan Bapst
3744,Dan Kaufman
3745,Stefan Domuschiev
3746,Brice Broaddus
3747,François Jumel
3748,Jani Laaksonen
3749,Ben Horne
3750,Yasuhiro Ikuta
3751,Travis Hulstein
3752,Anders Gyllenberg
3753,Valérie Bernier-Jean
3754,Sam Griffin
3755,Leanne C. Taylor-Giles
3756,Daniel Armesto
3757,Richard Mackie
3758,Akiko Takahashi
3759,Sean Murphy
3760,Eleftherios Aslanoglou (Leftos)
3761,Michael Robson
3762,Étienne Lamotte
3763,Tim Green
3764,Arne Oehme
3765,Martin Green
3766,Josephine Kwok
3767,Neil Druckmann
3768,Mike Welsh
3769,Hal Sandbach
3770,Parker Hamilton
3771,Kei Tawara
3772,Hiromichi Tanaka
3773,Guillaume Maindron
3774,Stefan Geiger
3775,Brahim El Belqasmi
3776,Saki Kaskamanidis
3777,Vikas Vartak
3778,Markus Ålind
3779,Amy Pickens
3780,Han Randhawa
3781,Daniel Amend
3782,Peter Angstadt
3783,Brandon Franklin
3784,Wojciech Krywult
3785,Ryan Hillen
3786,Tomáš Blaho
3787,Artur Maksara
3788,Juan Camilo Acosta
3789,Julien Desourteaux
3790,Matthijs de Smedt
3791,Scylla Costa
3792,Adam Skorupa
3793,Ben F. Carney
3794,Joel Emslie
3795,Terry Hendrix II
3796,Sachka Sandra Duval Rieunier
3797,Aaron Roseman
3798,Takuya Harada
3799,Martin Dubeau
3800,Arnaud Ragot
3801,John Hodskinson
3802,Paul Hughes
3803,Andrew Dolan
3804,Kevin Pinchbeck
3805,Jason Timmons
3806,Hirosato Noda
3807,Kleber Garcia
3808,Mike Munk
3809,Michael Ault
3810,Yosuke Hayashi
3811,Marie-Ève Danis
3812,Nick Arundel
3813,Gilles Marion
3814,Jonathan Janesjö
3815,Fredrik Ljungdahl
3816,Jean-Christophe Blanc
3817,Lyubomir Goshev
3818,Tore Blystad
3819,Tetsuya Nomura
3820,Laurence Gardiner
3821,Don Oades
3822,Mike Oliver
3823,David Woodman
3824,Jamie Galipeau
3825,David Calvin
3826,Claes Engdal
3827,Munenobu Tajika
3828,Nicole Martinez
3829,Benjamin Brinkman
3830,Andrew Yount
3831,Sam Hughes
3832,Dan Calvert
3833,Ahn Hopgood
3834,Tyler Rae
3835,Takashi Onodera
3836,Jonathan Mayer
3837,Andrew Oakley
3838,David Back
3839,Michel Thibault
3840,Joao Barao
3841,Rocco Scandizzo
3842,John Butterfield
3843,Jason Thomas
3844,Ryo Takaya
3845,James Russell Lees
3846,Todd Gunnerson
3847,Sławomir Uliasz
3848,Ethan Petty
3849,Teagan Morrison
3850,Neil Ryan
3851,Marek Gałach
3852,Stéphane Roy
3853,Kevin Floyer-Lea
3854,Steven Masters
3855,Maarten Hof
3856,Yasuhiro Anpo
3857,Fabrizio Muoio
3858,David Ream
3859,Matt Case
3860,Tobias Lilja
3861,Sergei Titarenko
3862,Rob Nelson
3863,Kouji Honma
3864,Alex Savin
3865,George Spanos
3866,Jennifer Shang
3867,Florian Himsl
3868,Matt Garrison
3869,Dan Mallinson
3870,Victor Krengel
3871,Raynald Bouchard
3872,Nick Channon
3873,Ryan Woodland
3874,Guillaume Couture
3875,John Wasilczyk
3876,Philippe Trudelle
3877,Ryota Matsushita
3878,Jan Svensson
3879,Dave Smith
3880,Mattias Adolfsson
3881,Richard Jones
3882,Paul MacPherson
3883,Nina Roussakoff
3884,Kevin Hoare
3885,Shigenori Nishikawa
3886,Dana Brunetti
3887,David Bianchi
3888,Lina Halper
3889,Mathias Sällström
3890,Robert Koshak
3891,Mehdi Yssef
3892,Aaron Gallant
3893,David Neubelt
3894,Pierre-Olivier Pou
3895,Charles-William Bibaud
3896,Yanick Roy
3897,Matthew J. Allen
3898,Roman Campos‑Oriola
3899,Neil Valeriano
3900,Michael Sechrist
3901,Brett Tribble
3902,Jan Andersson
3903,Wil Evans
3904,Matthew Brown
3905,Benjamin Beckwith
3906,Robert Rabin
3907,Arthur Degirmentas
3908,Andreas Andersson
3909,Frédéric Bernard
3910,Gaurav Bhindi
3911,Dan Valerius
3912,Kaermack Polewska
3913,Ben Hutchings
3914,James Agay
3915,Jean-François Tremblay
3916,Roman Gerasimov
3917,Andreas Lindqvist
3918,Chao Yu
3919,David Price
3920,Shane Barber
3921,Xu Xu Lin
3922,Alex Pfeiffer
3923,Daniel Bailie
3924,Ranjithkumar Rajagopalan
3925,Andrew McMaster
3926,Daniel Windfeld Schmidt
3927,Chris Southall
3928,Jean-François Duff
3929,Kev Lamont
3930,Manuel Darin
3931,Justin Marcus
3932,Todd Keister
3933,Julien Adriano
3934,Olivier Adelh
3935,Etsu Tamari
3936,Daniel Rydberg
3937,Gabriel Henrique Kiesshau
3938,James Rogers
3939,Will Byles
3940,Sylvain Branchu
3941,Jeremy Craig
3942,Francis Favreau
3943,Tiago Leifert
3944,Chris Metzen
3945,Paul Rustchynsky
3946,Catherine Tirran
3947,Nicholas Shewchuk
3948,Mikael Rudberg
3949,Josef Fares
3950,Allen H. Blum III
3951,Hae Jun Jhee
3952,Riley Cooper
3953,Andrew Stone
3954,Scott Warner
3955,Takahisa Taura
3956,Stephen K. Ratter
3957,Hiroyuki Goto
3958,Ngoc-Trang Cao
3959,Billy Harper
3960,Tobias Reuber
3961,Clive Moody
3962,Adrian Bentley
3963,Balázs Vasvári
3964,Natali Altshuler
3965,Rich Wilson
3966,Antoine Thisdale
3967,Leander Hambley
3968,Ashley Boyer
3969,Tristan Root
3970,Laurent Minot
3971,Andreas Skoglund
3972,Brian Roberts
3973,Vincent Jérôme
3974,Thomas Gerbaud
3975,Nathan McNamara
3976,Travis McIntosh
3977,Ian Patterson
3978,Seth Thomas
3979,Hidenori Kondo
3980,Manuel Leithner
3981,Erick Pangilinan
3982,Ken Felton
3983,Jessica Chobot
3984,Keith Bachman
3985,Christian Lavoie
3986,Jaime Griesemer
3987,Yoshiyuki Yamada
3988,David Swift
3989,Louis-Philippe Cantin
3990,Aaron Limonick
3991,Fumiaki Sato
3992,Eric Smolikowski
3993,Shinichiro Biwasaka
3994,Purva Garg
3995,Diana Sherman
3996,Tom Doyle
3997,Stéphane Versini
3998,Tameem Antoniades
3999,Isabelle Gagnon
4000,James Foley
4001,Mark Angus
4002,Ruby Virk
4003,Simon Lindskog
4004,Jean-Pascal Cambiotti
4005,Greg Taylor
4006,Stephen Perez
4007,Matthew T. Allen
4008,Jessie Boyer
4009,Ümit Singil
4010,Caroline Lebrun
4011,Mattias Gruvman
4012,Simon Brown
4013,Caroline Pierini
4014,Sloth Trakhtenberg
4015,Eric Holmberg-Weidler
4016,Charlie Lui
4017,Shuuichi Kawata
4018,Makoto Kadono
4019,Vince Curley
4020,Renzo Thönen
4021,François McCann
4022,Christophe Bonnet
4023,Robert Vernick
4024,Ben Hester
4025,Chris Choi
4026,Kaori Kobayashi
4027,Paul Wright
4028,Andrea Simone Basilio
4029,Jonathan Bergeron
4030,Remy Chinchilla
4031,Ryuhei Ozai
4032,没信息
4033,Yūichirō Hino
4034,Jonathan Phillips
4035,Christopher Sturgill
4036,Shay Casey
4037,Gaëlle Robert
4038,Stéphane Girard
4039,Ryan Morse
4040,Aaryn Flynn
4041,Douglas Potesta
4042,Daniel Anthony
4043,Josh Jones
4044,Ned Way
4045,Liz Lovett
4046,Ross Darvill
4047,Akihito Miyake
4048,Mathieu Hidrio
4049,Name
4050,Kenneth T. Roy
4051,Jethro Jongeneel
4052,Petter Lundh
4053,James Salt
4054,Philip Lamperski
4055,Ryan W. Nawrath
4056,Paul Demeulenaere
4057,Adrian Vershinin
4058,Suvi Salminen
4059,Kiyochika Watanabe
4060,Kamaal Hassan
4061,Rick Baltman
4062,Alastair Mitchell
4063,Peter Garcin
4064,Bradley Heinz
4065,Taichi Machino
4066,Bill O'Brien
4067,Ovidiu Cristian Matei
4068,Stephane Roncada
4069,Ocie Henderson
4070,Gary L. Fonville Jr.
4071,Takayuki Noguchi
4072,Edvige Faini
4073,Shuhei Kurose
4074,James Graves
4075,Bart van Oosten
4076,Magnus Liljedahl
4077,Terry Rizzi
4078,Thomas Schenck
4079,Kathryn Norris
4080,Asit Ghadge
4081,François Dumas
4082,Loïc Lacote
4083,Dean Sharpe
4084,Colin McGinley
4085,James Chilcott
4086,Mark Dieterman
4087,Ryan Stefanelli
4088,Frankie Chan
4089,Danny Deslongchamps
4090,Dan Fike
